clients,cache_mode,update_body_bytes,artifact_bytes,watchers,dispute_rate,bandwidth_mbps,projected_transfer_ms_per_watcher,measured_local_verification_ms_per_watcher,challenge_package_ms_per_fault,system_watcher_work_ms_per_round
100,fadvise,1048576,104879600,1,0.0,100.0,8390.368,166.98566050000002,0.016631,8557.3536605
100,fadvise,1048576,104879600,1,0.01,100.0,8390.368,166.98566050000002,0.016631,8557.35382681
100,fadvise,1048576,104879600,1,0.05,100.0,8390.368,166.98566050000002,0.016631,8557.35449205
100,fadvise,1048576,104879600,1,0.1,100.0,8390.368,166.98566050000002,0.016631,8557.3553236
100,fadvise,1048576,104879600,2,0.0,100.0,8390.368,166.98566050000002,0.016631,17114.707321
100,fadvise,1048576,104879600,2,0.01,100.0,8390.368,166.98566050000002,0.016631,17114.707487310003
100,fadvise,1048576,104879600,2,0.05,100.0,8390.368,166.98566050000002,0.016631,17114.708152550003
100,fadvise,1048576,104879600,2,0.1,100.0,8390.368,166.98566050000002,0.016631,17114.7089841
100,fadvise,1048576,104879600,3,0.0,100.0,8390.368,166.98566050000002,0.016631,25672.060981500003
100,fadvise,1048576,104879600,3,0.01,100.0,8390.368,166.98566050000002,0.016631,25672.061147810004
100,fadvise,1048576,104879600,3,0.05,100.0,8390.368,166.98566050000002,0.016631,25672.061813050004
100,fadvise,1048576,104879600,3,0.1,100.0,8390.368,166.98566050000002,0.016631,25672.062644600002
100,fadvise,1048576,104879600,1,0.0,1000.0,839.0368,166.98566050000002,0.016631,1006.0224605
100,fadvise,1048576,104879600,1,0.01,1000.0,839.0368,166.98566050000002,0.016631,1006.02262681
100,fadvise,1048576,104879600,1,0.05,1000.0,839.0368,166.98566050000002,0.016631,1006.02329205
100,fadvise,1048576,104879600,1,0.1,1000.0,839.0368,166.98566050000002,0.016631,1006.0241235999999
100,fadvise,1048576,104879600,2,0.0,1000.0,839.0368,166.98566050000002,0.016631,2012.044921
100,fadvise,1048576,104879600,2,0.01,1000.0,839.0368,166.98566050000002,0.016631,2012.0450873099999
100,fadvise,1048576,104879600,2,0.05,1000.0,839.0368,166.98566050000002,0.016631,2012.0457525499999
100,fadvise,1048576,104879600,2,0.1,1000.0,839.0368,166.98566050000002,0.016631,2012.0465841
100,fadvise,1048576,104879600,3,0.0,1000.0,839.0368,166.98566050000002,0.016631,3018.0673815
100,fadvise,1048576,104879600,3,0.01,1000.0,839.0368,166.98566050000002,0.016631,3018.06754781
100,fadvise,1048576,104879600,3,0.05,1000.0,839.0368,166.98566050000002,0.016631,3018.06821305
100,fadvise,1048576,104879600,3,0.1,1000.0,839.0368,166.98566050000002,0.016631,3018.0690446
100,fadvise,1048576,104879600,1,0.0,10000.0,83.90368,166.98566050000002,0.016631,250.8893405
100,fadvise,1048576,104879600,1,0.01,10000.0,83.90368,166.98566050000002,0.016631,250.88950681
100,fadvise,1048576,104879600,1,0.05,10000.0,83.90368,166.98566050000002,0.016631,250.89017205
100,fadvise,1048576,104879600,1,0.1,10000.0,83.90368,166.98566050000002,0.016631,250.8910036
100,fadvise,1048576,104879600,2,0.0,10000.0,83.90368,166.98566050000002,0.016631,501.778681
100,fadvise,1048576,104879600,2,0.01,10000.0,83.90368,166.98566050000002,0.016631,501.77884731
100,fadvise,1048576,104879600,2,0.05,10000.0,83.90368,166.98566050000002,0.016631,501.77951255
100,fadvise,1048576,104879600,2,0.1,10000.0,83.90368,166.98566050000002,0.016631,501.7803441
100,fadvise,1048576,104879600,3,0.0,10000.0,83.90368,166.98566050000002,0.016631,752.6680215
100,fadvise,1048576,104879600,3,0.01,10000.0,83.90368,166.98566050000002,0.016631,752.6681878100001
100,fadvise,1048576,104879600,3,0.05,10000.0,83.90368,166.98566050000002,0.016631,752.66885305
100,fadvise,1048576,104879600,3,0.1,10000.0,83.90368,166.98566050000002,0.016631,752.6696846
100,fadvise,10485760,1048598300,1,0.0,100.0,83887.86399999999,1843.9146874999997,0.021809,85731.77868749999
100,fadvise,10485760,1048598300,1,0.01,100.0,83887.86399999999,1843.9146874999997,0.021809,85731.77890558999
100,fadvise,10485760,1048598300,1,0.05,100.0,83887.86399999999,1843.9146874999997,0.021809,85731.77977794998
100,fadvise,10485760,1048598300,1,0.1,100.0,83887.86399999999,1843.9146874999997,0.021809,85731.78086839999
100,fadvise,10485760,1048598300,2,0.0,100.0,83887.86399999999,1843.9146874999997,0.021809,171463.55737499997
100,fadvise,10485760,1048598300,2,0.01,100.0,83887.86399999999,1843.9146874999997,0.021809,171463.55759308996
100,fadvise,10485760,1048598300,2,0.05,100.0,83887.86399999999,1843.9146874999997,0.021809,171463.55846544998
100,fadvise,10485760,1048598300,2,0.1,100.0,83887.86399999999,1843.9146874999997,0.021809,171463.55955589996
100,fadvise,10485760,1048598300,3,0.0,100.0,83887.86399999999,1843.9146874999997,0.021809,257195.33606249996
100,fadvise,10485760,1048598300,3,0.01,100.0,83887.86399999999,1843.9146874999997,0.021809,257195.33628058995
100,fadvise,10485760,1048598300,3,0.05,100.0,83887.86399999999,1843.9146874999997,0.021809,257195.33715294997
100,fadvise,10485760,1048598300,3,0.1,100.0,83887.86399999999,1843.9146874999997,0.021809,257195.33824339995
100,fadvise,10485760,1048598300,1,0.0,1000.0,8388.7864,1843.9146874999997,0.021809,10232.701087500001
100,fadvise,10485760,1048598300,1,0.01,1000.0,8388.7864,1843.9146874999997,0.021809,10232.70130559
100,fadvise,10485760,1048598300,1,0.05,1000.0,8388.7864,1843.9146874999997,0.021809,10232.702177950001
100,fadvise,10485760,1048598300,1,0.1,1000.0,8388.7864,1843.9146874999997,0.021809,10232.703268400002
100,fadvise,10485760,1048598300,2,0.0,1000.0,8388.7864,1843.9146874999997,0.021809,20465.402175000003
100,fadvise,10485760,1048598300,2,0.01,1000.0,8388.7864,1843.9146874999997,0.021809,20465.402393090004
100,fadvise,10485760,1048598300,2,0.05,1000.0,8388.7864,1843.9146874999997,0.021809,20465.403265450004
100,fadvise,10485760,1048598300,2,0.1,1000.0,8388.7864,1843.9146874999997,0.021809,20465.404355900002
100,fadvise,10485760,1048598300,3,0.0,1000.0,8388.7864,1843.9146874999997,0.021809,30698.103262500004
100,fadvise,10485760,1048598300,3,0.01,1000.0,8388.7864,1843.9146874999997,0.021809,30698.103480590005
100,fadvise,10485760,1048598300,3,0.05,1000.0,8388.7864,1843.9146874999997,0.021809,30698.104352950006
100,fadvise,10485760,1048598300,3,0.1,1000.0,8388.7864,1843.9146874999997,0.021809,30698.105443400003
100,fadvise,10485760,1048598300,1,0.0,10000.0,838.87864,1843.9146874999997,0.021809,2682.7933274999996
100,fadvise,10485760,1048598300,1,0.01,10000.0,838.87864,1843.9146874999997,0.021809,2682.7935455899997
100,fadvise,10485760,1048598300,1,0.05,10000.0,838.87864,1843.9146874999997,0.021809,2682.7944179499996
100,fadvise,10485760,1048598300,1,0.1,10000.0,838.87864,1843.9146874999997,0.021809,2682.7955083999996
100,fadvise,10485760,1048598300,2,0.0,10000.0,838.87864,1843.9146874999997,0.021809,5365.586654999999
100,fadvise,10485760,1048598300,2,0.01,10000.0,838.87864,1843.9146874999997,0.021809,5365.586873089999
100,fadvise,10485760,1048598300,2,0.05,10000.0,838.87864,1843.9146874999997,0.021809,5365.58774545
100,fadvise,10485760,1048598300,2,0.1,10000.0,838.87864,1843.9146874999997,0.021809,5365.588835899999
100,fadvise,10485760,1048598300,3,0.0,10000.0,838.87864,1843.9146874999997,0.021809,8048.379982499999
100,fadvise,10485760,1048598300,3,0.01,10000.0,838.87864,1843.9146874999997,0.021809,8048.380200589999
100,fadvise,10485760,1048598300,3,0.05,10000.0,838.87864,1843.9146874999997,0.021809,8048.381072949999
100,fadvise,10485760,1048598300,3,0.1,10000.0,838.87864,1843.9146874999997,0.021809,8048.382163399999
100,warm,1048576,104879600,1,0.0,100.0,8390.368,105.54913,0.018494,8495.91713
100,warm,1048576,104879600,1,0.01,100.0,8390.368,105.54913,0.018494,8495.91731494
100,warm,1048576,104879600,1,0.05,100.0,8390.368,105.54913,0.018494,8495.9180547
100,warm,1048576,104879600,1,0.1,100.0,8390.368,105.54913,0.018494,8495.9189794
100,warm,1048576,104879600,2,0.0,100.0,8390.368,105.54913,0.018494,16991.83426
100,warm,1048576,104879600,2,0.01,100.0,8390.368,105.54913,0.018494,16991.83444494
100,warm,1048576,104879600,2,0.05,100.0,8390.368,105.54913,0.018494,16991.8351847
100,warm,1048576,104879600,2,0.1,100.0,8390.368,105.54913,0.018494,16991.8361094
100,warm,1048576,104879600,3,0.0,100.0,8390.368,105.54913,0.018494,25487.751389999998
100,warm,1048576,104879600,3,0.01,100.0,8390.368,105.54913,0.018494,25487.751574939997
100,warm,1048576,104879600,3,0.05,100.0,8390.368,105.54913,0.018494,25487.7523147
100,warm,1048576,104879600,3,0.1,100.0,8390.368,105.54913,0.018494,25487.753239399997
100,warm,1048576,104879600,1,0.0,1000.0,839.0368,105.54913,0.018494,944.58593
100,warm,1048576,104879600,1,0.01,1000.0,839.0368,105.54913,0.018494,944.58611494
100,warm,1048576,104879600,1,0.05,1000.0,839.0368,105.54913,0.018494,944.5868547
100,warm,1048576,104879600,1,0.1,1000.0,839.0368,105.54913,0.018494,944.5877793999999
100,warm,1048576,104879600,2,0.0,1000.0,839.0368,105.54913,0.018494,1889.17186
100,warm,1048576,104879600,2,0.01,1000.0,839.0368,105.54913,0.018494,1889.17204494
100,warm,1048576,104879600,2,0.05,1000.0,839.0368,105.54913,0.018494,1889.1727847
100,warm,1048576,104879600,2,0.1,1000.0,839.0368,105.54913,0.018494,1889.1737094
100,warm,1048576,104879600,3,0.0,1000.0,839.0368,105.54913,0.018494,2833.7577899999997
100,warm,1048576,104879600,3,0.01,1000.0,839.0368,105.54913,0.018494,2833.7579749399997
100,warm,1048576,104879600,3,0.05,1000.0,839.0368,105.54913,0.018494,2833.7587146999995
100,warm,1048576,104879600,3,0.1,1000.0,839.0368,105.54913,0.018494,2833.7596393999997
100,warm,1048576,104879600,1,0.0,10000.0,83.90368,105.54913,0.018494,189.45281
100,warm,1048576,104879600,1,0.01,10000.0,83.90368,105.54913,0.018494,189.45299494
100,warm,1048576,104879600,1,0.05,10000.0,83.90368,105.54913,0.018494,189.4537347
100,warm,1048576,104879600,1,0.1,10000.0,83.90368,105.54913,0.018494,189.4546594
100,warm,1048576,104879600,2,0.0,10000.0,83.90368,105.54913,0.018494,378.90562
100,warm,1048576,104879600,2,0.01,10000.0,83.90368,105.54913,0.018494,378.90580494
100,warm,1048576,104879600,2,0.05,10000.0,83.90368,105.54913,0.018494,378.9065447
100,warm,1048576,104879600,2,0.1,10000.0,83.90368,105.54913,0.018494,378.9074694
100,warm,1048576,104879600,3,0.0,10000.0,83.90368,105.54913,0.018494,568.35843
100,warm,1048576,104879600,3,0.01,10000.0,83.90368,105.54913,0.018494,568.35861494
100,warm,1048576,104879600,3,0.05,10000.0,83.90368,105.54913,0.018494,568.3593547
100,warm,1048576,104879600,3,0.1,10000.0,83.90368,105.54913,0.018494,568.3602794
100,warm,10485760,1048598300,1,0.0,100.0,83887.86399999999,1186.170627,0.021047,85074.03462699999
100,warm,10485760,1048598300,1,0.01,100.0,83887.86399999999,1186.170627,0.021047,85074.03483746998
100,warm,10485760,1048598300,1,0.05,100.0,83887.86399999999,1186.170627,0.021047,85074.03567934998
100,warm,10485760,1048598300,1,0.1,100.0,83887.86399999999,1186.170627,0.021047,85074.03673169999
100,warm,10485760,1048598300,2,0.0,100.0,83887.86399999999,1186.170627,0.021047,170148.06925399997
100,warm,10485760,1048598300,2,0.01,100.0,83887.86399999999,1186.170627,0.021047,170148.06946446997
100,warm,10485760,1048598300,2,0.05,100.0,83887.86399999999,1186.170627,0.021047,170148.07030634998
100,warm,10485760,1048598300,2,0.1,100.0,83887.86399999999,1186.170627,0.021047,170148.07135869996
100,warm,10485760,1048598300,3,0.0,100.0,83887.86399999999,1186.170627,0.021047,255222.10388099996
100,warm,10485760,1048598300,3,0.01,100.0,83887.86399999999,1186.170627,0.021047,255222.10409146996
100,warm,10485760,1048598300,3,0.05,100.0,83887.86399999999,1186.170627,0.021047,255222.10493334997
100,warm,10485760,1048598300,3,0.1,100.0,83887.86399999999,1186.170627,0.021047,255222.10598569995
100,warm,10485760,1048598300,1,0.0,1000.0,8388.7864,1186.170627,0.021047,9574.957027
100,warm,10485760,1048598300,1,0.01,1000.0,8388.7864,1186.170627,0.021047,9574.95723747
100,warm,10485760,1048598300,1,0.05,1000.0,8388.7864,1186.170627,0.021047,9574.95807935
100,warm,10485760,1048598300,1,0.1,1000.0,8388.7864,1186.170627,0.021047,9574.9591317
100,warm,10485760,1048598300,2,0.0,1000.0,8388.7864,1186.170627,0.021047,19149.914054
100,warm,10485760,1048598300,2,0.01,1000.0,8388.7864,1186.170627,0.021047,19149.91426447
100,warm,10485760,1048598300,2,0.05,1000.0,8388.7864,1186.170627,0.021047,19149.91510635
100,warm,10485760,1048598300,2,0.1,1000.0,8388.7864,1186.170627,0.021047,19149.9161587
100,warm,10485760,1048598300,3,0.0,1000.0,8388.7864,1186.170627,0.021047,28724.871081
100,warm,10485760,1048598300,3,0.01,1000.0,8388.7864,1186.170627,0.021047,28724.87129147
100,warm,10485760,1048598300,3,0.05,1000.0,8388.7864,1186.170627,0.021047,28724.87213335
100,warm,10485760,1048598300,3,0.1,1000.0,8388.7864,1186.170627,0.021047,28724.873185700002
100,warm,10485760,1048598300,1,0.0,10000.0,838.87864,1186.170627,0.021047,2025.0492669999999
100,warm,10485760,1048598300,1,0.01,10000.0,838.87864,1186.170627,0.021047,2025.0494774699998
100,warm,10485760,1048598300,1,0.05,10000.0,838.87864,1186.170627,0.021047,2025.0503193499999
100,warm,10485760,1048598300,1,0.1,10000.0,838.87864,1186.170627,0.021047,2025.0513717
100,warm,10485760,1048598300,2,0.0,10000.0,838.87864,1186.170627,0.021047,4050.0985339999997
100,warm,10485760,1048598300,2,0.01,10000.0,838.87864,1186.170627,0.021047,4050.09874447
100,warm,10485760,1048598300,2,0.05,10000.0,838.87864,1186.170627,0.021047,4050.0995863499998
100,warm,10485760,1048598300,2,0.1,10000.0,838.87864,1186.170627,0.021047,4050.1006386999998
100,warm,10485760,1048598300,3,0.0,10000.0,838.87864,1186.170627,0.021047,6075.147800999999
100,warm,10485760,1048598300,3,0.01,10000.0,838.87864,1186.170627,0.021047,6075.148011469999
100,warm,10485760,1048598300,3,0.05,10000.0,838.87864,1186.170627,0.021047,6075.148853349999
100,warm,10485760,1048598300,3,0.1,10000.0,838.87864,1186.170627,0.021047,6075.149905699999
