clients,cache_mode,update_body_bytes,artifact_bytes,manifest_ms,read_ms,hash_ms,parse_ms,aggregate_ms,checkpoint_ms,detection_ms,challenge_package_ms,verification_ms,total_ms,cpu_ms,local_throughput_mib_s,verdict,challenge_hash,repetition
100,warm,1048576,104879600,0.12918,12.58381,58.573425,10.817503,11.066757,1.401399,0.00023,0.0,94.572304,95.345494,95.332594,1049.0373130266746,UPHELD,,0
100,warm,1048576,104879600,0.107089,11.979187,55.813822,10.400842,10.555516,1.445694,0.000265,0.018713,90.30241500000001,91.035576,91.03759,1098.7021253642745,REVISED,6f0f5c79af6cefc718ec06f4fe5bc9296fdc0440cae115f041e93e3a26876de5,1
100,warm,1048576,104879600,0.141708,12.125881,56.501541,10.530366,10.595555,1.377991,0.000312,0.0,91.27335399999998,91.990548,91.984628,1087.2962821676085,UPHELD,,2
100,warm,1048576,104879600,0.10878,12.121894,56.945511,10.688374,10.772994,1.411299,0.000251,0.01469,92.049103,92.816875,92.811817,1077.616336845654,REVISED,6f0f5c79af6cefc718ec06f4fe5bc9296fdc0440cae115f041e93e3a26876de5,3
100,warm,1048576,104879600,0.107525,12.243734,57.999544,10.822822,11.320459,1.458055,0.000706,0.0,93.952845,94.763414,94.765484,1055.4809774472765,UPHELD,,4
100,warm,1048576,104879600,0.120503,13.930031,65.661342,12.66773,12.838904,1.519365,0.000302,0.017824,106.738177,107.666247,107.668876,928.9910591474497,REVISED,6f0f5c79af6cefc718ec06f4fe5bc9296fdc0440cae115f041e93e3a26876de5,5
100,warm,1048576,104879600,0.131184,12.907453,62.15747,11.716692,11.975849,1.467995,0.000281,0.0,100.356924,101.213598,101.193795,988.2168286810725,UPHELD,,6
100,warm,1048576,104879600,0.114331,12.1833,57.964885,10.874701,11.031255,1.421485,0.000272,0.033698,93.59022900000001,94.388182,94.389962,1059.6769501817605,REVISED,6f0f5c79af6cefc718ec06f4fe5bc9296fdc0440cae115f041e93e3a26876de5,7
100,warm,1048576,104879600,0.111162,12.332523,57.70268,11.006273,10.967698,1.566402,0.000293,0.0,93.68703099999999,94.430616,94.433012,1059.20076635909,UPHELD,,8
100,warm,1048576,104879600,0.136882,13.772681,64.220846,13.101916,12.587819,1.820224,0.000465,0.018924,105.640833,106.609544,106.604109,938.1991244138605,REVISED,6f0f5c79af6cefc718ec06f4fe5bc9296fdc0440cae115f041e93e3a26876de5,9
100,warm,1048576,104879600,0.14416,13.200448,66.230273,12.397269,12.412655,1.983785,0.000364,0.0,106.368954,107.364334,107.360821,931.6034208805406,UPHELD,,10
100,warm,1048576,104879600,0.147101,13.87572,67.166552,12.379914,12.427931,1.542607,0.000323,0.031382,107.540148,108.46424,108.384504,922.1562870394974,REVISED,6f0f5c79af6cefc718ec06f4fe5bc9296fdc0440cae115f041e93e3a26876de5,11
100,warm,1048576,104879600,0.111346,12.814421,60.227175,11.2386,11.342114,1.458366,0.000265,0.0,97.192287,97.965394,97.967376,1020.9827853595009,UPHELD,,12
100,warm,1048576,104879600,0.109051,12.130211,56.760096,10.510267,10.72243,1.663921,0.000285,0.018494,91.896261,92.649551,92.65161,1079.5624992824946,REVISED,6f0f5c79af6cefc718ec06f4fe5bc9296fdc0440cae115f041e93e3a26876de5,13
100,warm,1048576,104879600,0.133788,12.223629,57.469199,10.796911,10.681205,1.507219,0.000282,0.0,92.812233,93.56657,93.560461,1068.9820182033063,UPHELD,,14
100,warm,1048576,104879600,0.120125,12.283046,57.617246,10.827987,11.078859,1.575038,0.000303,0.01566,93.502604,94.290276,94.284991,1060.777262280587,REVISED,6f0f5c79af6cefc718ec06f4fe5bc9296fdc0440cae115f041e93e3a26876de5,15
100,warm,1048576,104879600,0.13059,12.735311,62.252649,11.673153,11.69982,1.717084,0.000283,0.0,100.20889,101.009954,101.012119,990.2091514165122,UPHELD,,16
100,warm,1048576,104879600,0.124517,14.279417,68.787009,12.843787,13.332479,2.169523,0.000305,0.019323,111.537037,112.516103,112.518829,888.9481431378842,REVISED,6f0f5c79af6cefc718ec06f4fe5bc9296fdc0440cae115f041e93e3a26876de5,17
100,warm,1048576,104879600,0.130219,13.435763,66.060065,13.660816,13.897074,1.567584,0.000326,0.0,108.751847,109.71353,109.715971,911.6558444064368,UPHELD,,18
100,warm,1048576,104879600,0.125492,13.897037,68.376759,12.70655,12.438332,1.516043,0.000293,0.02128,109.06050599999999,110.012497,110.002405,909.1783530280286,REVISED,6f0f5c79af6cefc718ec06f4fe5bc9296fdc0440cae115f041e93e3a26876de5,19
100,warm,1048576,104879600,0.121428,13.397973,67.10729,12.221303,12.321397,1.624696,0.000339,0.0,106.79442599999999,107.640434,107.643296,929.2138383143359,UPHELD,,20
100,warm,1048576,104879600,0.130623,13.44181,68.064751,12.56545,12.879567,1.479745,0.00028,0.017826,108.562226,109.421163,109.423959,914.0917359374158,REVISED,6f0f5c79af6cefc718ec06f4fe5bc9296fdc0440cae115f041e93e3a26876de5,21
100,warm,1048576,104879600,0.143334,12.924912,67.354403,13.32207,12.258902,1.625424,0.00029,0.0,107.629335,108.442407,108.444541,922.3419472325152,UPHELD,,22
100,warm,1048576,104879600,0.118652,12.778098,65.955248,12.645674,12.330097,1.629258,0.0004,0.016318,105.45742700000001,106.270105,106.272448,941.1958408713432,REVISED,6f0f5c79af6cefc718ec06f4fe5bc9296fdc0440cae115f041e93e3a26876de5,23
100,warm,1048576,104879600,0.122482,15.651863,79.284823,15.645756,15.642014,2.115498,0.000508,0.0,128.462944,129.535489,129.525801,772.1511811713694,UPHELD,,24
100,warm,1048576,104879600,0.151786,16.239975,71.555773,15.206857,16.991632,1.707453,0.000354,0.017702,121.85383,123.065213,123.067953,812.7477976652991,REVISED,6f0f5c79af6cefc718ec06f4fe5bc9296fdc0440cae115f041e93e3a26876de5,25
100,warm,1048576,104879600,0.134988,13.879324,73.082568,13.484609,13.857647,1.644245,0.000309,0.0,116.08369,116.984138,116.982381,854.9960921621779,UPHELD,,26
100,warm,1048576,104879600,0.129865,13.77897,72.644866,14.624542,14.18436,1.487705,0.000276,0.0162,116.850584,117.848592,117.852284,848.7244449637628,REVISED,6f0f5c79af6cefc718ec06f4fe5bc9296fdc0440cae115f041e93e3a26876de5,27
100,warm,1048576,104879600,0.115917,13.447415,63.770518,11.470918,13.112887,1.829672,0.000554,0.0,103.74788099999999,104.65583,104.652864,955.7134163950631,UPHELD,,28
100,warm,1048576,104879600,0.103382,12.926682,67.576987,12.944276,11.688016,2.083042,0.000657,0.019427,107.323042,108.166799,108.169438,924.6920659541838,REVISED,6f0f5c79af6cefc718ec06f4fe5bc9296fdc0440cae115f041e93e3a26876de5,29
100,fadvise,1048576,104879600,0.133314,77.983654,72.569927,13.680867,13.409221,1.649178,0.000353,0.0,179.426514,180.507896,146.741533,554.1086182454918,UPHELD,,0
100,fadvise,1048576,104879600,0.124366,80.925052,79.266828,16.541571,18.2299,1.472874,0.000279,0.017057,196.56087,198.211676,164.828118,504.61699761300105,REVISED,6f0f5c79af6cefc718ec06f4fe5bc9296fdc0440cae115f041e93e3a26876de5,1
100,fadvise,1048576,104879600,0.112809,71.153767,62.388599,11.536714,11.56452,1.433911,0.000293,0.0,158.19061299999998,159.0844,123.769736,628.7290321047252,UPHELD,,2
100,fadvise,1048576,104879600,0.131269,70.426945,57.566535,10.596687,10.747364,1.362932,0.000276,0.014344,150.83200800000003,151.759416,115.237274,659.0759471225227,REVISED,6f0f5c79af6cefc718ec06f4fe5bc9296fdc0440cae115f041e93e3a26876de5,3
100,fadvise,1048576,104879600,0.117402,70.006867,60.534411,11.436411,11.177432,1.487886,0.000294,0.0,154.760703,155.679164,119.602582,642.4814873425254,UPHELD,,4
100,fadvise,1048576,104879600,0.123005,75.982162,66.294854,12.340658,12.266863,1.432477,0.000302,0.016609,168.440321,169.529059,132.619245,589.9931340677172,REVISED,6f0f5c79af6cefc718ec06f4fe5bc9296fdc0440cae115f041e93e3a26876de5,5
100,fadvise,1048576,104879600,0.140951,71.129397,60.695227,11.323329,11.35869,1.43606,0.000286,0.0,156.08393999999998,157.018753,121.586779,637.0002240112105,UPHELD,,6
100,fadvise,1048576,104879600,0.112014,76.856172,69.096244,12.690197,12.279243,1.483103,0.000309,0.019623,172.51728199999997,173.530552,138.724127,576.3883055876001,REVISED,6f0f5c79af6cefc718ec06f4fe5bc9296fdc0440cae115f041e93e3a26876de5,7
100,fadvise,1048576,104879600,0.12878,73.232231,66.725296,13.301312,12.606337,1.63701,0.000335,0.0,167.631301,168.606506,134.160785,593.2213602419407,UPHELD,,8
100,fadvise,1048576,104879600,0.182367,79.198344,69.483361,13.986534,13.390621,1.577949,0.000321,0.016631,177.819497,178.986917,142.816547,558.8172728566577,REVISED,6f0f5c79af6cefc718ec06f4fe5bc9296fdc0440cae115f041e93e3a26876de5,9
100,fadvise,1048576,104879600,0.133458,76.997225,75.092789,12.745331,12.753498,1.397335,0.000277,0.0,179.119913,180.184532,146.080429,555.1030364524349,UPHELD,,10
100,fadvise,1048576,104879600,0.111689,75.354314,65.610911,11.9619,12.314079,1.399248,0.000311,0.029456,166.75245200000003,167.807104,132.259104,596.0473570592156,REVISED,6f0f5c79af6cefc718ec06f4fe5bc9296fdc0440cae115f041e93e3a26876de5,11
100,fadvise,1048576,104879600,0.116469,74.674494,66.292551,12.035856,12.643063,1.456238,0.000198,0.0,167.218869,168.200752,132.644269,594.6523998594307,UPHELD,,12
100,fadvise,1048576,104879600,0.105329,73.461722,63.342395,11.917031,11.750278,1.478504,0.000321,0.015597,162.05558000000002,163.022782,128.315043,613.5398967425359,REVISED,6f0f5c79af6cefc718ec06f4fe5bc9296fdc0440cae115f041e93e3a26876de5,13
100,fadvise,1048576,104879600,0.126957,77.59296,66.209039,12.704793,11.893286,1.626304,0.000326,0.0,170.15366500000002,171.231112,132.580918,584.1285480582579,UPHELD,,14
100,fadvise,1048576,104879600,0.146634,73.52123,69.477419,13.474127,12.809986,2.456346,0.000411,0.018686,171.886153,172.904253,138.215908,578.4761166919412,REVISED,6f0f5c79af6cefc718ec06f4fe5bc9296fdc0440cae115f041e93e3a26876de5,15
100,fadvise,1048576,104879600,0.1424,75.856425,66.313377,12.318073,12.754586,1.650144,0.000327,0.0,169.035332,170.078308,134.179642,588.087816789434,UPHELD,,16
100,fadvise,1048576,104879600,0.125286,72.023725,60.172296,11.116815,11.064399,1.518748,0.000388,0.019414,156.02165699999998,156.990525,121.205721,637.1147611294437,REVISED,6f0f5c79af6cefc718ec06f4fe5bc9296fdc0440cae115f041e93e3a26876de5,17
100,fadvise,1048576,104879600,0.134927,71.234663,59.479892,10.845397,10.711133,1.538623,0.000374,0.0,153.945009,154.830033,119.233361,646.0050346624995,UPHELD,,18
100,fadvise,1048576,104879600,0.129023,76.106201,67.832922,13.709151,13.716871,1.597076,0.000316,0.01571,173.09156,174.253892,139.363309,573.9956777261591,REVISED,6f0f5c79af6cefc718ec06f4fe5bc9296fdc0440cae115f041e93e3a26876de5,19
100,fadvise,1048576,104879600,0.429154,75.168216,64.5768,13.271072,13.416583,1.488527,0.000324,0.0,168.35067600000002,169.468455,134.21474,590.2041228555541,UPHELD,,20
100,fadvise,1048576,104879600,0.132362,71.453469,61.085922,11.440181,11.207771,1.669398,0.000322,0.033106,156.989425,157.921197,122.466257,633.3600728403859,REVISED,6f0f5c79af6cefc718ec06f4fe5bc9296fdc0440cae115f041e93e3a26876de5,21
100,fadvise,1048576,104879600,0.13977,79.088866,71.682079,12.902118,13.334603,1.479069,0.000303,0.0,178.626808,179.697083,143.759607,556.6088172670055,UPHELD,,22
100,fadvise,1048576,104879600,0.134973,72.014265,60.506457,11.482722,11.439632,1.423017,0.000373,0.017606,157.00143899999998,157.950529,122.60189,633.2424555220131,REVISED,6f0f5c79af6cefc718ec06f4fe5bc9296fdc0440cae115f041e93e3a26876de5,23
100,fadvise,1048576,104879600,0.113485,71.359092,59.702907,11.190697,11.205082,1.510967,0.000274,0.0,155.08250399999997,155.971504,120.373926,641.2772735394084,UPHELD,,24
100,fadvise,1048576,104879600,0.114408,73.151614,61.686984,11.465945,11.92651,1.440261,0.000286,0.016374,159.78600799999998,160.772297,125.048875,622.128206795235,REVISED,6f0f5c79af6cefc718ec06f4fe5bc9296fdc0440cae115f041e93e3a26876de5,25
100,fadvise,1048576,104879600,0.119361,76.071142,67.871749,12.783793,13.254905,1.633603,0.000288,0.0,171.73484100000002,172.808244,138.151755,578.797507108289,UPHELD,,26
100,fadvise,1048576,104879600,0.137805,71.472079,59.396541,11.03882,11.241026,1.398236,0.000276,0.015121,154.684783,155.606753,120.236188,642.7804636149752,REVISED,6f0f5c79af6cefc718ec06f4fe5bc9296fdc0440cae115f041e93e3a26876de5,27
100,fadvise,1048576,104879600,0.108786,72.274293,61.753573,11.174817,11.084963,1.416625,0.000312,0.0,157.81336900000002,158.714134,123.224648,630.1958011815188,UPHELD,,28
100,fadvise,1048576,104879600,0.138162,72.372556,61.391655,11.288328,11.723619,1.439226,0.000293,0.015296,158.353839,159.340291,123.993746,627.7193307934962,REVISED,6f0f5c79af6cefc718ec06f4fe5bc9296fdc0440cae115f041e93e3a26876de5,29
100,warm,10485760,1048598300,0.17937,136.825344,635.76291,174.087412,210.974543,16.167074,0.000529,0.0,1173.9971819999998,1176.857326,1176.573373,849.7387447433504,UPHELD,,0
100,warm,10485760,1048598300,0.180605,127.910865,625.229429,172.233067,209.977883,15.740509,0.000468,0.018861,1151.272826,1154.009085,1154.002461,866.5627332884089,REVISED,3bfe2db5dcc2e0d48368862e044a01b981a468bed5ac17a88ee1512368471c09,1
100,warm,10485760,1048598300,0.181572,126.605933,599.650768,165.883645,202.317414,18.319787,0.000741,0.0,1112.95986,1115.788147,1115.775879,896.2465407308686,UPHELD,,2
100,warm,10485760,1048598300,0.185596,130.82209,637.69966,169.186318,211.732335,15.934121,0.000532,0.021047,1165.5606520000001,1168.338013,1168.27596,855.9348885426155,REVISED,3bfe2db5dcc2e0d48368862e044a01b981a468bed5ac17a88ee1512368471c09,3
100,warm,10485760,1048598300,0.22767,131.170979,618.239734,171.082084,208.777895,16.030366,0.000492,0.0,1145.52922,1148.304584,1147.240291,870.8676085344757,UPHELD,,4
100,warm,10485760,1048598300,0.20098,127.955685,612.395891,167.176244,205.434271,15.574267,0.000415,0.017317,1128.737753,1131.41392,1131.411346,883.868626026146,REVISED,3bfe2db5dcc2e0d48368862e044a01b981a468bed5ac17a88ee1512368471c09,5
100,warm,10485760,1048598300,0.176123,124.552449,574.215581,160.781822,199.091501,15.101089,0.000636,0.0,1073.919201,1076.477104,1076.459825,928.9758818105395,UPHELD,,6
100,warm,10485760,1048598300,0.179691,126.482382,579.288332,163.179525,205.7641,17.516759,0.000832,0.03025,1092.4116210000002,1095.294465,1095.227335,913.0159047569512,REVISED,3bfe2db5dcc2e0d48368862e044a01b981a468bed5ac17a88ee1512368471c09,7
100,warm,10485760,1048598300,0.488308,128.983817,600.088586,166.424023,206.882435,15.172673,0.000538,0.0,1118.04038,1121.064895,1120.182314,892.0279917758515,UPHELD,,8
100,warm,10485760,1048598300,0.174102,125.05412,567.902292,162.373133,202.97145,15.0413,0.000667,0.020681,1073.5170640000001,1076.277844,1076.251326,929.1478706099388,REVISED,3bfe2db5dcc2e0d48368862e044a01b981a468bed5ac17a88ee1512368471c09,9
100,warm,10485760,1048598300,0.174454,130.305007,631.376872,174.025263,211.990086,17.666883,0.00086,0.0,1165.5394250000002,1168.38513,1168.373149,855.9003715985805,UPHELD,,10
100,warm,10485760,1048598300,0.183919,136.142222,666.960323,189.029144,223.417821,16.244495,0.000503,0.018672,1231.978427,1234.953306,1234.767974,809.7644356905392,REVISED,3bfe2db5dcc2e0d48368862e044a01b981a468bed5ac17a88ee1512368471c09,11
100,warm,10485760,1048598300,0.217253,137.108873,651.279846,184.654713,224.415784,15.450764,0.000657,0.0,1213.12789,1216.409877,1215.53267,822.1088021774225,UPHELD,,12
100,warm,10485760,1048598300,0.180801,141.706154,704.46162,200.706384,240.531072,16.061367,0.000784,0.019672,1303.6481820000001,1307.187542,1303.137907,765.0174399667403,REVISED,3bfe2db5dcc2e0d48368862e044a01b981a468bed5ac17a88ee1512368471c09,13
100,warm,10485760,1048598300,0.1768,129.559033,621.136897,173.340487,209.260313,17.748073,0.000781,0.0,1151.222384,1154.293974,1153.97958,866.3488586636734,UPHELD,,14
100,warm,10485760,1048598300,0.244516,150.463494,709.556215,207.894898,244.074343,16.582169,0.000553,0.017763,1328.816188,1332.42514,1330.331952,750.5271680308102,REVISED,3bfe2db5dcc2e0d48368862e044a01b981a468bed5ac17a88ee1512368471c09,15
100,warm,10485760,1048598300,0.170819,131.981319,637.234597,179.220253,212.169986,15.470775,0.000644,0.0,1176.2483929999999,1179.271038,1178.944652,847.9995138634583,UPHELD,,16
100,warm,10485760,1048598300,0.168548,126.323408,591.966481,165.982782,205.445734,17.148237,0.002238,0.0868,1107.0374280000003,1109.923192,1109.788764,900.9824050394794,REVISED,3bfe2db5dcc2e0d48368862e044a01b981a468bed5ac17a88ee1512368471c09,17
100,warm,10485760,1048598300,0.185601,129.074077,618.311892,172.314047,208.117791,16.427695,0.001482,0.0,1144.4325849999998,1147.359342,1147.295035,871.5850652282012,UPHELD,,18
100,warm,10485760,1048598300,0.168216,133.674105,641.152736,181.379886,219.911124,19.805943,0.000851,0.029299,1196.092861,1198.993275,1198.987733,834.0507722507916,REVISED,3bfe2db5dcc2e0d48368862e044a01b981a468bed5ac17a88ee1512368471c09,19
100,warm,10485760,1048598300,0.21771,154.303708,744.474467,222.56596,252.127109,18.301558,0.000796,0.0,1391.991308,1395.807948,1394.669285,716.4461761162402,UPHELD,,20
100,warm,10485760,1048598300,0.182506,144.568531,689.045629,204.236921,240.585732,20.00336,0.000611,0.024528,1298.62329,1302.089197,1301.79751,768.0128744185072,REVISED,3bfe2db5dcc2e0d48368862e044a01b981a468bed5ac17a88ee1512368471c09,21
100,warm,10485760,1048598300,0.246701,148.090298,699.797035,205.852562,244.089559,18.877974,0.000648,0.0,1316.954777,1320.403016,1320.444396,757.3606352147683,UPHELD,,22
100,warm,10485760,1048598300,0.20323,148.65411,696.572949,206.885199,243.834662,20.016225,0.000533,0.021562,1316.1669080000001,1319.645363,1319.688698,757.7954615502679,REVISED,3bfe2db5dcc2e0d48368862e044a01b981a468bed5ac17a88ee1512368471c09,23
100,warm,10485760,1048598300,0.230429,147.567036,698.832188,205.533445,248.465352,19.029656,0.000506,0.0,1319.658612,1322.834595,1322.911033,755.968486700528,UPHELD,,24
100,warm,10485760,1048598300,0.197653,145.711643,696.311897,206.646036,249.111286,18.437539,0.000662,0.020015,1316.416716,1319.909439,1319.906251,757.643848425616,REVISED,3bfe2db5dcc2e0d48368862e044a01b981a468bed5ac17a88ee1512368471c09,25
100,warm,10485760,1048598300,0.228228,148.107149,695.066858,206.546882,247.363727,19.183796,0.001769,0.0,1316.498409,1319.87258,1319.881271,757.6650065245358,UPHELD,,26
100,warm,10485760,1048598300,0.468803,147.883726,724.428204,216.803633,253.327734,19.507409,0.000647,0.025464,1362.4201560000001,1366.077374,1365.848619,732.0385257601491,REVISED,3bfe2db5dcc2e0d48368862e044a01b981a468bed5ac17a88ee1512368471c09,27
100,warm,10485760,1048598300,0.227971,154.912503,720.858663,215.546437,251.133722,18.848724,0.000701,0.0,1361.528721,1365.235758,1364.662884,732.4897997121284,UPHELD,,28
100,warm,10485760,1048598300,0.234374,148.315607,694.053297,203.511085,248.101918,18.425718,0.000573,0.023732,1312.642572,1315.862403,1315.856115,759.974040338362,REVISED,3bfe2db5dcc2e0d48368862e044a01b981a468bed5ac17a88ee1512368471c09,29
100,fadvise,10485760,1048598300,0.196585,683.846436,699.537101,211.401379,244.071011,19.071747,0.000698,0.0,1858.124957,1861.645572,1647.813575,537.170598946455,UPHELD,,0
100,fadvise,10485760,1048598300,0.210718,683.173743,686.745569,206.392672,239.963243,17.861032,0.000657,0.021705,1834.3476340000002,1838.003219,1620.917218,544.0802587284564,REVISED,3bfe2db5dcc2e0d48368862e044a01b981a468bed5ac17a88ee1512368471c09,1
100,fadvise,10485760,1048598300,0.327795,690.92564,684.386823,206.301045,244.049749,19.085367,0.000782,0.0,1845.0772009999998,1848.915067,1632.316735,540.86922908788,UPHELD,,2
100,fadvise,10485760,1048598300,0.194703,676.617114,681.863117,202.602525,242.431795,16.727614,0.000599,0.020151,1820.4374669999997,1824.050761,1610.281987,548.2420162413757,REVISED,3bfe2db5dcc2e0d48368862e044a01b981a468bed5ac17a88ee1512368471c09,3
100,fadvise,10485760,1048598300,0.252769,694.516746,683.206379,208.381981,236.897172,18.69888,0.0007,0.0,1841.9546269999998,1845.621643,1626.11643,541.834384490503,UPHELD,,4
100,fadvise,10485760,1048598300,0.220954,684.239999,683.539848,208.305133,236.576036,18.441024,0.000861,0.029138,1831.3238549999999,1835.114207,1618.97989,544.9368018201255,REVISED,3bfe2db5dcc2e0d48368862e044a01b981a468bed5ac17a88ee1512368471c09,5
100,fadvise,10485760,1048598300,0.209216,686.273674,681.659342,200.60698,231.120113,18.046244,0.000702,0.0,1817.916271,1821.426555,1601.807183,549.0318916192895,UPHELD,,6
100,fadvise,10485760,1048598300,0.267485,675.065132,679.59935,205.245466,234.568269,19.951001,0.000543,0.02141,1814.6972460000002,1818.031878,1601.648544,550.0570584259336,REVISED,3bfe2db5dcc2e0d48368862e044a01b981a468bed5ac17a88ee1512368471c09,7
100,fadvise,10485760,1048598300,0.189802,690.478241,676.052481,201.85054,240.678945,16.64821,0.000537,0.0,1825.898756,1829.594588,1616.427284,546.5807963667063,UPHELD,,8
100,fadvise,10485760,1048598300,0.174626,685.108915,681.456386,210.674536,237.154058,17.994281,0.000935,0.022737,1832.563737,1836.235903,1618.41621,544.6039178862826,REVISED,3bfe2db5dcc2e0d48368862e044a01b981a468bed5ac17a88ee1512368471c09,9
100,fadvise,10485760,1048598300,0.204587,693.103903,683.664812,204.121238,240.043268,17.524562,0.001109,0.0,1838.663479,1842.370494,1621.528577,542.7905354509307,UPHELD,,10
100,fadvise,10485760,1048598300,0.254671,712.812903,677.815056,215.176213,247.852289,19.303806,0.000662,0.021809,1873.2155999999998,1877.739329,1658.524189,532.5666089498283,REVISED,3bfe2db5dcc2e0d48368862e044a01b981a468bed5ac17a88ee1512368471c09,11
100,fadvise,10485760,1048598300,0.230573,682.949325,668.056321,203.351466,235.530134,18.735076,0.000717,0.0,1808.8536119999999,1812.609062,1602.131233,551.7026742842445,UPHELD,,12
100,fadvise,10485760,1048598300,0.24126,698.944156,676.978638,207.978847,239.55664,19.644809,0.001029,0.03068,1843.3453789999999,1847.299663,1628.178547,541.3422017915757,REVISED,3bfe2db5dcc2e0d48368862e044a01b981a468bed5ac17a88ee1512368471c09,13
100,fadvise,10485760,1048598300,0.191268,700.308402,699.600837,208.303253,244.114525,18.365942,0.000936,0.0,1870.885163,1874.798014,1654.075288,533.40213690735,UPHELD,,14
100,fadvise,10485760,1048598300,0.236571,710.583385,710.513693,213.822071,244.859815,17.224766,0.000673,0.023392,1897.240974,1901.341494,1676.18767,525.9556319014705,REVISED,3bfe2db5dcc2e0d48368862e044a01b981a468bed5ac17a88ee1512368471c09,15
100,fadvise,10485760,1048598300,0.194994,692.315329,684.049121,203.411187,236.480527,19.767798,0.000759,0.0,1836.219715,1839.958912,1625.321225,543.5019556226133,UPHELD,,16
100,fadvise,10485760,1048598300,0.209708,701.553798,692.471207,209.635998,239.013264,19.119423,0.000618,0.022473,1862.0040160000003,1866.068269,1640.545735,535.8974714645104,REVISED,3bfe2db5dcc2e0d48368862e044a01b981a468bed5ac17a88ee1512368471c09,17
100,fadvise,10485760,1048598300,0.187587,701.50172,692.0471,206.129673,242.406798,17.478814,0.000752,0.0,1859.752444,1863.434377,1638.7232,536.6549416927795,UPHELD,,18
100,fadvise,10485760,1048598300,0.19769,724.535843,704.612696,216.268894,250.051566,17.932265,0.000861,0.021792,1913.5998149999998,1917.682306,1689.590423,521.4738978445035,REVISED,3bfe2db5dcc2e0d48368862e044a01b981a468bed5ac17a88ee1512368471c09,19
100,fadvise,10485760,1048598300,0.545428,722.717863,697.245824,215.43726,249.390562,19.631935,0.000864,0.0,1904.969736,1909.137694,1677.116582,523.8078269996464,UPHELD,,20
100,fadvise,10485760,1048598300,0.202336,710.911124,681.537375,211.270207,242.474424,15.696393,0.000747,0.020216,1862.0926060000002,1866.025741,1632.616612,535.9096849335776,REVISED,3bfe2db5dcc2e0d48368862e044a01b981a468bed5ac17a88ee1512368471c09,21
100,fadvise,10485760,1048598300,0.316801,709.938272,680.978088,205.525584,229.998926,17.725066,0.001259,0.0,1844.4839959999997,1848.85426,1620.353226,540.8870177453879,UPHELD,,22
100,fadvise,10485760,1048598300,0.181554,696.981437,661.204092,202.226923,226.086126,18.464152,0.000636,0.024758,1805.14492,1809.354407,1588.162394,552.6950734849902,REVISED,3bfe2db5dcc2e0d48368862e044a01b981a468bed5ac17a88ee1512368471c09,23
100,fadvise,10485760,1048598300,0.2421,689.277007,685.12434,206.931309,238.294082,19.552157,0.001075,0.0,1839.4220699999998,1843.968596,1621.38178,542.3201181986159,UPHELD,,24
100,fadvise,10485760,1048598300,0.215367,697.97927,678.161079,206.373165,228.082082,21.608904,0.000753,0.023045,1832.4206199999999,1836.903816,1606.794679,544.4058955219982,REVISED,3bfe2db5dcc2e0d48368862e044a01b981a468bed5ac17a88ee1512368471c09,25
100,fadvise,10485760,1048598300,0.178651,709.80774,684.686182,205.854635,235.69595,19.12472,0.000745,0.0,1855.348623,1859.598185,1631.171998,537.762014936176,UPHELD,,26
100,fadvise,10485760,1048598300,0.2367,698.700805,691.089437,204.144041,235.60694,15.913266,0.000574,0.020472,1845.6917629999998,1849.81048,1621.22951,540.6074177594971,REVISED,3bfe2db5dcc2e0d48368862e044a01b981a468bed5ac17a88ee1512368471c09,27
100,fadvise,10485760,1048598300,0.207482,711.796825,695.947777,208.96786,230.793258,17.740339,0.001168,0.0,1865.454709,1869.701153,1633.57462,534.8562070107766,UPHELD,,28
100,fadvise,10485760,1048598300,0.233211,712.711776,687.541041,211.333686,237.71023,17.670925,0.000715,0.021738,1867.2015839999997,1871.759778,1644.019786,534.2679539816759,REVISED,3bfe2db5dcc2e0d48368862e044a01b981a468bed5ac17a88ee1512368471c09,29
