campaign_tag,scenario,clients,validators,phase_class,runs,tx_count_median,tx_count_q1,tx_count_q3,gas_total_median,gas_total_q1,gas_total_q3,calldata_bytes_median
target_affected_k1,affected_decisions,100,4,Challenge,3,1.0,1.0,1.0,202229.0,202229.0,202229.0,196.0
target_affected_k1,affected_decisions,100,4,Coordination,3,104.0,104.0,104.0,10738807.0,10738801.0,10738807.0,17056.0
target_affected_k1,affected_decisions,100,4,Finalization,3,1.0,1.0,1.0,32851.0,32851.0,32851.0,36.0
target_affected_k1,affected_decisions,100,4,Replacement,3,1.0,1.0,1.0,57409.0,57409.0,57415.0,164.0
target_affected_k1,affected_decisions,100,4,Resolution,3,1.0,1.0,1.0,84742.0,84742.0,84742.0,196.0
target_affected_k10,affected_decisions,100,4,Challenge,3,10.0,10.0,10.0,2022266.0,2022266.0,2022272.0,1960.0
target_affected_k10,affected_decisions,100,4,Coordination,3,104.0,104.0,104.0,10738807.0,10738801.0,10738831.0,17056.0
target_affected_k10,affected_decisions,100,4,Finalization,3,1.0,1.0,1.0,32851.0,32851.0,32851.0,36.0
target_affected_k10,affected_decisions,100,4,Replacement,3,1.0,1.0,1.0,57409.0,57409.0,57415.0,164.0
target_affected_k10,affected_decisions,100,4,Resolution,3,10.0,10.0,10.0,822457.0,822457.0,822469.0,1960.0
target_affected_k2,affected_decisions,100,4,Challenge,3,2.0,2.0,2.0,404458.0,404452.0,404458.0,392.0
target_affected_k2,affected_decisions,100,4,Coordination,3,104.0,104.0,104.0,10738795.0,10738783.0,10738801.0,17056.0
target_affected_k2,affected_decisions,100,4,Finalization,3,1.0,1.0,1.0,32851.0,32851.0,32851.0,36.0
target_affected_k2,affected_decisions,100,4,Replacement,3,1.0,1.0,1.0,57421.0,57421.0,57421.0,164.0
target_affected_k2,affected_decisions,100,4,Resolution,3,2.0,2.0,2.0,166713.0,166713.0,166713.0,392.0
target_affected_k20,affected_decisions,100,4,Challenge,3,20.0,20.0,20.0,4044508.0,4044502.0,4044514.0,3920.0
target_affected_k20,affected_decisions,100,4,Coordination,3,104.0,104.0,104.0,10738855.0,10738807.0,10738867.0,17056.0
target_affected_k20,affected_decisions,100,4,Finalization,3,1.0,1.0,1.0,32851.0,32851.0,32851.0,36.0
target_affected_k20,affected_decisions,100,4,Replacement,3,1.0,1.0,1.0,57421.0,57421.0,57421.0,164.0
target_affected_k20,affected_decisions,100,4,Resolution,3,20.0,20.0,20.0,1642371.0,1642335.0,1642377.0,3920.0
target_affected_k5,affected_decisions,100,4,Challenge,3,5.0,5.0,5.0,1011145.0,1011145.0,1011145.0,980.0
target_affected_k5,affected_decisions,100,4,Coordination,3,104.0,104.0,104.0,10738819.0,10738783.0,10738831.0,17056.0
target_affected_k5,affected_decisions,100,4,Finalization,3,1.0,1.0,1.0,32851.0,32851.0,32851.0,36.0
target_affected_k5,affected_decisions,100,4,Replacement,3,1.0,1.0,1.0,57421.0,57415.0,57421.0,164.0
target_affected_k5,affected_decisions,100,4,Resolution,3,5.0,5.0,5.0,412626.0,412620.0,412626.0,980.0
target_affected_k50,affected_decisions,100,4,Challenge,3,50.0,50.0,50.0,10111186.0,10111174.0,10111210.0,9800.0
target_affected_k50,affected_decisions,100,4,Coordination,3,104.0,104.0,104.0,10738819.0,10738801.0,10738819.0,17056.0
target_affected_k50,affected_decisions,100,4,Finalization,3,1.0,1.0,1.0,32851.0,32851.0,32851.0,36.0
target_affected_k50,affected_decisions,100,4,Replacement,3,1.0,1.0,1.0,57421.0,57421.0,57421.0,164.0
target_affected_k50,affected_decisions,100,4,Resolution,3,50.0,50.0,50.0,4101837.0,4101837.0,4101843.0,9800.0
target_contestfl_clean_scaling,nominal,10,4,Coordination,3,13.0,13.0,13.0,1275494.0,1275488.0,1275500.0,2132.0
target_contestfl_clean_scaling,nominal,10,4,Finalization,3,1.0,1.0,1.0,32851.0,32851.0,32851.0,36.0
target_contestfl_clean_scaling,nominal,25,4,Coordination,3,28.0,28.0,28.0,2847407.0,2847389.0,2847413.0,4592.0
target_contestfl_clean_scaling,nominal,25,4,Finalization,3,1.0,1.0,1.0,32851.0,32851.0,32851.0,36.0
target_contestfl_clean_scaling,nominal,50,4,Coordination,3,53.0,53.0,53.0,5467190.0,5467178.0,5467196.0,8692.0
target_contestfl_clean_scaling,nominal,50,4,Finalization,3,1.0,1.0,1.0,32851.0,32851.0,32851.0,36.0
target_contestfl_clean_scaling,nominal,75,4,Coordination,3,79.0,79.0,79.0,8119024.0,8119000.0,8119030.0,12956.0
target_contestfl_clean_scaling,nominal,75,4,Finalization,3,1.0,1.0,1.0,32851.0,32851.0,32851.0,36.0
target_contestfl_clean_scaling,nominal,100,4,Coordination,3,104.0,104.0,104.0,10738807.0,10738801.0,10738831.0,17056.0
target_contestfl_clean_scaling,nominal,100,4,Finalization,3,1.0,1.0,1.0,32851.0,32851.0,32851.0,36.0
target_contestfl_clean_scaling,nominal,150,4,Coordination,3,155.0,155.0,155.0,16010472.0,16010466.0,16010478.0,25420.0
target_contestfl_clean_scaling,nominal,150,4,Finalization,3,1.0,1.0,1.0,32851.0,32851.0,32851.0,36.0
target_contestfl_clean_scaling,nominal,200,4,Coordination,3,206.0,206.0,206.0,21282017.0,21281957.0,21282059.0,33784.0
target_contestfl_clean_scaling,nominal,200,4,Finalization,3,1.0,1.0,1.0,32851.0,32851.0,32851.0,36.0
target_contestfl_clean_scaling,nominal,300,4,Coordination,3,308.0,308.0,308.0,31825239.0,31825221.0,31825257.0,50512.0
target_contestfl_clean_scaling,nominal,300,4,Finalization,3,1.0,1.0,1.0,32851.0,32851.0,32851.0,36.0
target_contestfl_clean_scaling,nominal,500,4,Coordination,3,512.0,512.0,512.0,52911611.0,52911545.0,52911665.0,83968.0
target_contestfl_clean_scaling,nominal,500,4,Finalization,3,1.0,1.0,1.0,32851.0,32851.0,32851.0,36.0
target_flood_f100_p20,challenge_flooding,100,4,Challenge,3,100.0,100.0,100.0,20222504.0,20222504.0,20222504.0,19600.0
target_flood_f100_p20,challenge_flooding,100,4,Coordination,3,104.0,104.0,104.0,10738843.0,10738825.0,10738849.0,17056.0
target_flood_f100_p20,challenge_flooding,100,4,Finalization,3,1.0,1.0,1.0,32851.0,32851.0,32851.0,36.0
target_flood_f100_p20,challenge_flooding,100,4,Resolution,3,100.0,100.0,100.0,6418180.0,6418162.0,6418186.0,19600.0
target_flood_f100_p5,challenge_flooding,100,4,Challenge,3,100.0,100.0,100.0,20222504.0,20222504.0,20222504.0,19600.0
target_flood_f100_p5,challenge_flooding,100,4,Coordination,3,104.0,104.0,104.0,10738879.0,10738843.0,10738885.0,17056.0
target_flood_f100_p5,challenge_flooding,100,4,Finalization,3,1.0,1.0,1.0,32851.0,32851.0,32851.0,36.0
target_flood_f100_p5,challenge_flooding,100,4,Resolution,3,100.0,100.0,100.0,6418144.0,6418114.0,6418174.0,19600.0
target_flood_f10_p20,challenge_flooding,100,4,Challenge,3,10.0,10.0,10.0,2022254.0,2022254.0,2022254.0,1960.0
target_flood_f10_p20,challenge_flooding,100,4,Coordination,3,104.0,104.0,104.0,10738843.0,10738807.0,10738849.0,17056.0
target_flood_f10_p20,challenge_flooding,100,4,Finalization,3,1.0,1.0,1.0,32851.0,32851.0,32851.0,36.0
target_flood_f10_p20,challenge_flooding,100,4,Resolution,3,10.0,10.0,10.0,641818.0,641806.0,641818.0,1960.0
target_flood_f10_p5,challenge_flooding,100,4,Challenge,3,10.0,10.0,10.0,2022254.0,2022254.0,2022254.0,1960.0
target_flood_f10_p5,challenge_flooding,100,4,Coordination,3,104.0,104.0,104.0,10738819.0,10738777.0,10738831.0,17056.0
target_flood_f10_p5,challenge_flooding,100,4,Finalization,3,1.0,1.0,1.0,32851.0,32851.0,32851.0,36.0
target_flood_f10_p5,challenge_flooding,100,4,Resolution,3,10.0,10.0,10.0,641818.0,641818.0,641824.0,1960.0
target_flood_f1_p20,challenge_flooding,100,4,Challenge,3,1.0,1.0,1.0,202229.0,202229.0,202229.0,196.0
target_flood_f1_p20,challenge_flooding,100,4,Coordination,3,104.0,104.0,104.0,10738807.0,10738771.0,10738819.0,17056.0
target_flood_f1_p20,challenge_flooding,100,4,Finalization,3,1.0,1.0,1.0,32851.0,32851.0,32851.0,36.0
target_flood_f1_p20,challenge_flooding,100,4,Resolution,3,1.0,1.0,1.0,64183.0,64177.0,64183.0,196.0
target_flood_f1_p5,challenge_flooding,100,4,Challenge,3,1.0,1.0,1.0,202229.0,202229.0,202229.0,196.0
target_flood_f1_p5,challenge_flooding,100,4,Coordination,3,104.0,104.0,104.0,10738879.0,10738873.0,10738897.0,17056.0
target_flood_f1_p5,challenge_flooding,100,4,Finalization,3,1.0,1.0,1.0,32851.0,32851.0,32851.0,36.0
target_flood_f1_p5,challenge_flooding,100,4,Resolution,3,1.0,1.0,1.0,64183.0,64177.0,64183.0,196.0
target_flood_f20_p20,challenge_flooding,100,4,Challenge,3,20.0,20.0,20.0,4044508.0,4044508.0,4044508.0,3920.0
target_flood_f20_p20,challenge_flooding,100,4,Coordination,3,104.0,104.0,104.0,10738831.0,10738831.0,10738849.0,17056.0
target_flood_f20_p20,challenge_flooding,100,4,Finalization,3,1.0,1.0,1.0,32851.0,32851.0,32851.0,36.0
target_flood_f20_p20,challenge_flooding,100,4,Resolution,3,20.0,20.0,20.0,1283648.0,1283636.0,1283648.0,3920.0
target_flood_f20_p5,challenge_flooding,100,4,Challenge,3,20.0,20.0,20.0,4044508.0,4044508.0,4044508.0,3920.0
target_flood_f20_p5,challenge_flooding,100,4,Coordination,3,104.0,104.0,104.0,10738831.0,10738807.0,10738855.0,17056.0
target_flood_f20_p5,challenge_flooding,100,4,Finalization,3,1.0,1.0,1.0,32851.0,32851.0,32851.0,36.0
target_flood_f20_p5,challenge_flooding,100,4,Resolution,3,20.0,20.0,20.0,1283612.0,1283600.0,1283618.0,3920.0
target_flood_f50_p20,challenge_flooding,100,4,Challenge,3,50.0,50.0,50.0,10111198.0,10111198.0,10111198.0,9800.0
target_flood_f50_p20,challenge_flooding,100,4,Coordination,3,104.0,104.0,104.0,10738807.0,10738795.0,10738825.0,17056.0
target_flood_f50_p20,challenge_flooding,100,4,Finalization,3,1.0,1.0,1.0,32851.0,32851.0,32851.0,36.0
target_flood_f50_p20,challenge_flooding,100,4,Resolution,3,50.0,50.0,50.0,3209090.0,3209060.0,3209096.0,9800.0
target_flood_f50_p5,challenge_flooding,100,4,Challenge,3,50.0,50.0,50.0,10111198.0,10111198.0,10111198.0,9800.0
target_flood_f50_p5,challenge_flooding,100,4,Coordination,3,104.0,104.0,104.0,10738831.0,10738819.0,10738849.0,17056.0
target_flood_f50_p5,challenge_flooding,100,4,Finalization,3,1.0,1.0,1.0,32851.0,32851.0,32851.0,36.0
target_flood_f50_p5,challenge_flooding,100,4,Resolution,3,50.0,50.0,50.0,3209066.0,3209060.0,3209078.0,9800.0
target_flood_f5_p20,challenge_flooding,100,4,Challenge,3,5.0,5.0,5.0,1011133.0,1011133.0,1011133.0,980.0
target_flood_f5_p20,challenge_flooding,100,4,Coordination,3,104.0,104.0,104.0,10738783.0,10738771.0,10738825.0,17056.0
target_flood_f5_p20,challenge_flooding,100,4,Finalization,3,1.0,1.0,1.0,32851.0,32851.0,32851.0,36.0
target_flood_f5_p20,challenge_flooding,100,4,Resolution,3,5.0,5.0,5.0,320903.0,320897.0,320909.0,980.0
target_flood_f5_p5,challenge_flooding,100,4,Challenge,3,5.0,5.0,5.0,1011133.0,1011133.0,1011133.0,980.0
target_flood_f5_p5,challenge_flooding,100,4,Coordination,3,104.0,104.0,104.0,10738795.0,10738741.0,10738807.0,17056.0
target_flood_f5_p5,challenge_flooding,100,4,Finalization,3,1.0,1.0,1.0,32851.0,32851.0,32851.0,36.0
target_flood_f5_p5,challenge_flooding,100,4,Resolution,3,5.0,5.0,5.0,320891.0,320891.0,320903.0,980.0
target_phase_references,bad_aggregate,100,4,Challenge,3,1.0,1.0,1.0,199593.0,199593.0,199593.0,196.0
target_phase_references,bad_aggregate,100,4,Coordination,3,104.0,104.0,104.0,10738807.0,10738801.0,10738819.0,17056.0
target_phase_references,bad_aggregate,100,4,Finalization,3,1.0,1.0,1.0,32851.0,32851.0,32851.0,36.0
target_phase_references,bad_aggregate,100,4,Replacement,3,1.0,1.0,1.0,51821.0,51821.0,51821.0,164.0
target_phase_references,bad_aggregate,100,4,Resolution,3,1.0,1.0,1.0,69416.0,69416.0,69416.0,196.0
target_phase_references,resolver_fallback,100,4,Challenge,3,1.0,1.0,1.0,199593.0,199587.0,199593.0,196.0
target_phase_references,resolver_fallback,100,4,Coordination,3,104.0,104.0,104.0,10738867.0,10738789.0,10738867.0,17056.0
target_phase_references,resolver_fallback,100,4,Fallback/abort,3,1.0,1.0,1.0,51639.0,51639.0,51639.0,164.0
target_phase_references,resolver_fallback,100,4,Finalization,3,1.0,1.0,1.0,32735.0,32735.0,32735.0,36.0
target_phase_references,resolver_fallback,100,4,Resolution,3,1.0,1.0,1.0,69416.0,69416.0,69416.0,196.0
target_replacement_d0,faulty_replacement_chain,100,4,Challenge,3,1.0,1.0,1.0,199593.0,199593.0,199593.0,196.0
target_replacement_d0,faulty_replacement_chain,100,4,Coordination,3,104.0,104.0,104.0,10738819.0,10738813.0,10738831.0,17056.0
target_replacement_d0,faulty_replacement_chain,100,4,Finalization,3,1.0,1.0,1.0,32851.0,32851.0,32851.0,36.0
target_replacement_d0,faulty_replacement_chain,100,4,Replacement,3,1.0,1.0,1.0,51821.0,51815.0,51821.0,164.0
target_replacement_d0,faulty_replacement_chain,100,4,Resolution,3,1.0,1.0,1.0,69404.0,69404.0,69410.0,196.0
target_replacement_d1,faulty_replacement_chain,100,4,Challenge,3,2.0,2.0,2.0,399186.0,399186.0,399186.0,392.0
target_replacement_d1,faulty_replacement_chain,100,4,Coordination,3,104.0,104.0,104.0,10738795.0,10738789.0,10738831.0,17056.0
target_replacement_d1,faulty_replacement_chain,100,4,Finalization,3,1.0,1.0,1.0,32851.0,32851.0,32851.0,36.0
target_replacement_d1,faulty_replacement_chain,100,4,Replacement,3,2.0,2.0,2.0,103642.0,103642.0,103642.0,328.0
target_replacement_d1,faulty_replacement_chain,100,4,Resolution,3,2.0,2.0,2.0,138832.0,138826.0,138832.0,392.0
target_replacement_d2,faulty_replacement_chain,100,4,Challenge,3,3.0,3.0,3.0,598767.0,598767.0,598773.0,588.0
target_replacement_d2,faulty_replacement_chain,100,4,Coordination,3,104.0,104.0,104.0,10738795.0,10738789.0,10738801.0,17056.0
target_replacement_d2,faulty_replacement_chain,100,4,Finalization,3,1.0,1.0,1.0,32851.0,32851.0,32851.0,36.0
target_replacement_d2,faulty_replacement_chain,100,4,Replacement,3,3.0,3.0,3.0,155463.0,155457.0,155463.0,492.0
target_replacement_d2,faulty_replacement_chain,100,4,Resolution,3,3.0,3.0,3.0,208236.0,208230.0,208242.0,588.0
target_replacement_d3,faulty_replacement_chain,100,4,Challenge,3,4.0,4.0,4.0,798360.0,798360.0,798360.0,784.0
target_replacement_d3,faulty_replacement_chain,100,4,Coordination,3,104.0,104.0,104.0,10738819.0,10738795.0,10738837.0,17056.0
target_replacement_d3,faulty_replacement_chain,100,4,Finalization,3,1.0,1.0,1.0,32851.0,32851.0,32851.0,36.0
target_replacement_d3,faulty_replacement_chain,100,4,Replacement,3,4.0,4.0,4.0,207284.0,207254.0,207284.0,656.0
target_replacement_d3,faulty_replacement_chain,100,4,Resolution,3,4.0,4.0,4.0,277652.0,277652.0,277658.0,784.0
target_replacement_d4,faulty_replacement_chain,100,4,Challenge,3,5.0,5.0,5.0,997965.0,997959.0,997965.0,980.0
target_replacement_d4,faulty_replacement_chain,100,4,Coordination,3,104.0,104.0,104.0,10738771.0,10738753.0,10738777.0,17056.0
target_replacement_d4,faulty_replacement_chain,100,4,Finalization,3,1.0,1.0,1.0,32851.0,32851.0,32851.0,36.0
target_replacement_d4,faulty_replacement_chain,100,4,Replacement,3,5.0,5.0,5.0,259045.0,259045.0,259075.0,820.0
target_replacement_d4,faulty_replacement_chain,100,4,Resolution,3,5.0,5.0,5.0,347080.0,347074.0,347080.0,980.0
target_replacement_d5,faulty_replacement_chain,100,4,Challenge,3,6.0,6.0,6.0,1197546.0,1197540.0,1197546.0,1176.0
target_replacement_d5,faulty_replacement_chain,100,4,Coordination,3,104.0,104.0,104.0,10738879.0,10738867.0,10738909.0,17056.0
target_replacement_d5,faulty_replacement_chain,100,4,Fallback/abort,3,1.0,1.0,1.0,51639.0,51633.0,51639.0,164.0
target_replacement_d5,faulty_replacement_chain,100,4,Finalization,3,1.0,1.0,1.0,32735.0,32735.0,32735.0,36.0
target_replacement_d5,faulty_replacement_chain,100,4,Replacement,3,5.0,5.0,5.0,259093.0,259063.0,259099.0,820.0
target_replacement_d5,faulty_replacement_chain,100,4,Resolution,3,6.0,6.0,6.0,416472.0,416472.0,416478.0,1176.0
