tag,validators,repetition,flood_count,resolver_parallelism,block_gas_limit,gas_price,honest_delay_ms_configured,alignment_delay_ms_configured,broadcast_parallelism,alignment_block,head_before_broadcast,head_after_flood_broadcast,flood_broadcast_ms,honest_block,honest_block_offset,honest_blocks_after_first_flood,honest_latency_ms,honest_gas_used,honest_status,honest_block_gas_used,honest_block_gas_limit,honest_block_utilization,first_flood_block,last_flood_block,flood_block_span,flood_gas_total,flood_calldata_total,flood_in_honest_block,probe_finalized,attack_finalized,invariant_ok,error
bounded_gas_10000000,4,0,0,20,10000000,0,100.0,50.0,64,70,70,70,0.000941,71,1,0,850.483212,32839,1,32839,10000000,0.0032839,-1,-1,0,0,0,0,True,True,True,
bounded_gas_10000000,4,1,0,20,10000000,0,100.0,50.0,64,116,116,116,0.000892,117,1,0,852.385059,32839,1,32839,10000000,0.0032839,-1,-1,0,0,0,0,True,True,True,
bounded_gas_10000000,4,2,0,20,10000000,0,100.0,50.0,64,162,162,162,0.000626,163,1,0,847.719757,32839,1,32839,10000000,0.0032839,-1,-1,0,0,0,0,True,True,True,
bounded_gas_10000000,4,3,0,20,10000000,0,100.0,50.0,64,208,208,208,0.000838,209,1,0,847.212562,32839,1,32839,10000000,0.0032839,-1,-1,0,0,0,0,True,True,True,
bounded_gas_10000000,4,4,0,20,10000000,0,100.0,50.0,64,254,254,254,0.000747,255,1,0,840.209313,32839,1,32839,10000000,0.0032839,-1,-1,0,0,0,0,True,True,True,
bounded_gas_10000000,4,0,10,20,10000000,0,100.0,50.0,64,346,346,346,30.474524,347,1,0,847.420405,32839,1,2028637,10000000,0.2028637,347,347,1,1995798,1960,10,True,True,True,
bounded_gas_10000000,4,1,10,20,10000000,0,100.0,50.0,64,392,392,392,50.260011,393,1,0,846.70729,32839,1,2028637,10000000,0.2028637,393,393,1,1995798,1960,10,True,True,True,
bounded_gas_10000000,4,2,10,20,10000000,0,100.0,50.0,64,438,438,438,55.319765,439,1,0,838.352667,32839,1,2028637,10000000,0.2028637,439,439,1,1995798,1960,10,True,True,True,
bounded_gas_10000000,4,3,10,20,10000000,0,100.0,50.0,64,484,484,484,33.333416,485,1,0,949.779911,32839,1,2028601,10000000,0.2028601,485,485,1,1995762,1960,10,True,True,True,
bounded_gas_10000000,4,4,10,20,10000000,0,100.0,50.0,64,530,530,530,44.794335,531,1,0,836.221377,32839,1,2028601,10000000,0.2028601,531,531,1,1995762,1960,10,True,True,True,
bounded_gas_10000000,4,0,25,20,10000000,0,100.0,50.0,64,622,622,622,69.280968,623,1,0,842.929318,32839,1,5022304,10000000,0.5022304,623,623,1,4989465,4900,25,True,True,True,
bounded_gas_10000000,4,1,25,20,10000000,0,100.0,50.0,64,668,668,668,85.013083,669,1,0,831.021826,32839,1,5022292,10000000,0.5022292,669,669,1,4989453,4900,25,True,True,True,
bounded_gas_10000000,4,2,25,20,10000000,0,100.0,50.0,64,714,714,714,106.623576,715,1,0,839.841128,32839,1,5021956,10000000,0.5021956,715,715,1,4989117,4900,25,True,True,True,
bounded_gas_10000000,4,3,25,20,10000000,0,100.0,50.0,64,760,760,760,66.766087,761,1,0,837.64854,32839,1,5022268,10000000,0.5022268,761,761,1,4989429,4900,25,True,True,True,
bounded_gas_10000000,4,4,25,20,10000000,0,100.0,50.0,64,806,806,806,76.697281,807,1,0,827.080287,32839,1,5022316,10000000,0.5022316,807,807,1,4989477,4900,25,True,True,True,
bounded_gas_10000000,4,0,50,20,10000000,0,100.0,50.0,64,898,898,898,145.904261,899,1,0,830.390508,32839,1,9812140,10000000,0.981214,899,900,2,9978882,9800,49,True,True,True,
bounded_gas_10000000,4,1,50,20,10000000,0,100.0,50.0,64,945,945,945,148.258084,946,1,0,834.158081,32839,1,9812116,10000000,0.9812116,946,947,2,9978858,9800,49,True,True,True,
bounded_gas_10000000,4,2,50,20,10000000,0,100.0,50.0,64,990,990,990,141.769291,991,1,0,835.001422,32839,1,9812200,10000000,0.98122,991,992,2,9978942,9800,49,True,True,True,
bounded_gas_10000000,4,3,50,20,10000000,0,100.0,50.0,64,1036,1036,1036,188.008509,1037,1,0,825.88903,32839,1,9812104,10000000,0.9812104,1037,1038,2,9978846,9800,49,True,True,True,
bounded_gas_10000000,4,4,50,20,10000000,0,100.0,50.0,64,1082,1082,1082,150.525435,1083,1,0,841.574956,32839,1,9812164,10000000,0.9812164,1083,1084,2,9978906,9800,49,True,True,True,
bounded_gas_10000000,4,0,100,20,10000000,0,100.0,50.0,64,1175,1175,1175,279.059963,1176,1,0,625.968092,32839,1,9812200,10000000,0.98122,1176,1178,3,19957860,19600,49,True,True,True,
bounded_gas_10000000,4,1,100,20,10000000,0,100.0,50.0,64,1222,1222,1222,278.472492,1223,1,0,725.91001,32839,1,9812248,10000000,0.9812248,1223,1225,3,19957872,19600,49,True,True,True,
bounded_gas_10000000,4,2,100,20,10000000,0,100.0,50.0,64,1267,1267,1267,289.076464,1268,1,0,735.277256,32839,1,9812188,10000000,0.9812188,1268,1270,3,19957872,19600,49,True,True,True,
bounded_gas_10000000,4,3,100,20,10000000,0,100.0,50.0,64,1313,1313,1313,242.481761,1314,1,0,732.048667,32839,1,9812200,10000000,0.98122,1314,1316,3,19957800,19600,49,True,True,True,
bounded_gas_10000000,4,4,100,20,10000000,0,100.0,50.0,64,1359,1359,1359,255.7364,1360,1,0,734.438658,32839,1,9812128,10000000,0.9812128,1360,1362,3,19957716,19600,49,True,True,True,
