campaign_tag,design,workload,validators,clients,repetition,round_id,expected_outcome,semantic_outcome,semantic_ok,terminal_state,correct_checkpoint_finalized,fault_detected,fault_corrected,total_ms,offchain_verify_ms,offchain_verify_cpu_ms,tx_count,gas_total,calldata_bytes,first_block,last_block,block_span,update_dim,batch_size,challenge_blocks,response_blocks,error,scenario,expected_terminal,actual_terminal,invariant_ok,corrected,retries_used,epoch,challenge_count,challenge_wait_ms,retry_budget,flood_count,flood_parallelism,network_rtt_ms
competitor_faults,plain_fl,bad_admission,4,100,0,1785933235062844632,FAULTY_FINALIZED,FAULTY_FINALIZED,True,LOCAL_FINALIZED,False,False,False,0.33408,0.0,0.0,0,0,0,-1,-1,0,1024,50,1,6,,,,,,,,,,,,,,
competitor_faults,plain_fl,bad_admission,4,100,1,1785933235062844633,FAULTY_FINALIZED,FAULTY_FINALIZED,True,LOCAL_FINALIZED,False,False,False,0.25948,0.0,0.0,0,0,0,-1,-1,0,1024,50,1,6,,,,,,,,,,,,,,
competitor_faults,plain_fl,bad_admission,4,100,2,1785933235062844634,FAULTY_FINALIZED,FAULTY_FINALIZED,True,LOCAL_FINALIZED,False,False,False,0.251844,0.0,0.0,0,0,0,-1,-1,0,1024,50,1,6,,,,,,,,,,,,,,
competitor_faults,plain_fl,bad_omission,4,100,0,1785933235062844636,FAULTY_FINALIZED,FAULTY_FINALIZED,True,LOCAL_FINALIZED,False,False,False,0.22506,0.0,0.0,0,0,0,-1,-1,0,1024,50,1,6,,,,,,,,,,,,,,
competitor_faults,plain_fl,bad_omission,4,100,1,1785933235062844637,FAULTY_FINALIZED,FAULTY_FINALIZED,True,LOCAL_FINALIZED,False,False,False,0.22149,0.0,0.0,0,0,0,-1,-1,0,1024,50,1,6,,,,,,,,,,,,,,
competitor_faults,plain_fl,bad_omission,4,100,2,1785933235062844638,FAULTY_FINALIZED,FAULTY_FINALIZED,True,LOCAL_FINALIZED,False,False,False,0.280543,0.0,0.0,0,0,0,-1,-1,0,1024,50,1,6,,,,,,,,,,,,,,
competitor_faults,plain_fl,bad_aggregate,4,100,0,1785933235062844640,FAULTY_FINALIZED,FAULTY_FINALIZED,True,LOCAL_FINALIZED,False,False,False,0.271144,0.0,0.0,0,0,0,-1,-1,0,1024,50,1,6,,,,,,,,,,,,,,
competitor_faults,plain_fl,bad_aggregate,4,100,1,1785933235062844641,FAULTY_FINALIZED,FAULTY_FINALIZED,True,LOCAL_FINALIZED,False,False,False,0.317939,0.0,0.0,0,0,0,-1,-1,0,1024,50,1,6,,,,,,,,,,,,,,
competitor_faults,plain_fl,bad_aggregate,4,100,2,1785933235062844642,FAULTY_FINALIZED,FAULTY_FINALIZED,True,LOCAL_FINALIZED,False,False,False,0.323194,0.0,0.0,0,0,0,-1,-1,0,1024,50,1,6,,,,,,,,,,,,,,
competitor_faults,plain_fl,dependent_fault,4,100,0,1785933235062844644,FAULTY_FINALIZED,FAULTY_FINALIZED,True,LOCAL_FINALIZED,False,False,False,0.25546,0.0,0.0,0,0,0,-1,-1,0,1024,50,1,6,,,,,,,,,,,,,,
competitor_faults,plain_fl,dependent_fault,4,100,1,1785933235062844645,FAULTY_FINALIZED,FAULTY_FINALIZED,True,LOCAL_FINALIZED,False,False,False,0.230469,0.0,0.0,0,0,0,-1,-1,0,1024,50,1,6,,,,,,,,,,,,,,
competitor_faults,plain_fl,dependent_fault,4,100,2,1785933235062844646,FAULTY_FINALIZED,FAULTY_FINALIZED,True,LOCAL_FINALIZED,False,False,False,0.280948,0.0,0.0,0,0,0,-1,-1,0,1024,50,1,6,,,,,,,,,,,,,,
competitor_faults,plain_fl,correction_laundering,4,100,0,1785933235062844648,FAULTY_FINALIZED,FAULTY_FINALIZED,True,LOCAL_FINALIZED,False,False,False,0.248815,0.0,0.0,0,0,0,-1,-1,0,1024,50,1,6,,,,,,,,,,,,,,
competitor_faults,plain_fl,correction_laundering,4,100,1,1785933235062844649,FAULTY_FINALIZED,FAULTY_FINALIZED,True,LOCAL_FINALIZED,False,False,False,0.233774,0.0,0.0,0,0,0,-1,-1,0,1024,50,1,6,,,,,,,,,,,,,,
competitor_faults,plain_fl,correction_laundering,4,100,2,1785933235062844650,FAULTY_FINALIZED,FAULTY_FINALIZED,True,LOCAL_FINALIZED,False,False,False,0.644198,0.0,0.0,0,0,0,-1,-1,0,1024,50,1,6,,,,,,,,,,,,,,
competitor_faults,plain_fl,resolver_unavailable,4,100,0,1785933235062844652,NOT_APPLICABLE,NOT_APPLICABLE,True,NOT_APPLICABLE,False,False,False,0.360865,0.0,0.0,0,0,0,-1,-1,0,1024,50,1,6,,,,,,,,,,,,,,
competitor_faults,plain_fl,resolver_unavailable,4,100,1,1785933235062844653,NOT_APPLICABLE,NOT_APPLICABLE,True,NOT_APPLICABLE,False,False,False,0.358395,0.0,0.0,0,0,0,-1,-1,0,1024,50,1,6,,,,,,,,,,,,,,
competitor_faults,plain_fl,resolver_unavailable,4,100,2,1785933235062844654,NOT_APPLICABLE,NOT_APPLICABLE,True,NOT_APPLICABLE,False,False,False,0.388876,0.0,0.0,0,0,0,-1,-1,0,1024,50,1,6,,,,,,,,,,,,,,
competitor_faults,ledger_audit,bad_admission,4,100,0,1785933235062844656,DETECTED_ONLY,DETECTED_ONLY,True,FINALIZED,False,True,False,5994.652935,9.539088,6.5959710000000005,103,5403676,10268,1375,1380,6,1024,50,1,6,,,,,,,,,,,,,,
competitor_faults,ledger_audit,bad_admission,4,100,1,1785933235062844657,DETECTED_ONLY,DETECTED_ONLY,True,FINALIZED,False,True,False,4991.837373,7.445706,4.602535,103,5403772,10268,1381,1385,5,1024,50,1,6,,,,,,,,,,,,,,
competitor_faults,ledger_audit,bad_admission,4,100,2,1785933235062844658,DETECTED_ONLY,DETECTED_ONLY,True,FINALIZED,False,True,False,4973.295061,5.962781,4.03854,103,5403724,10268,1386,1390,5,1024,50,1,6,,,,,,,,,,,,,,
competitor_faults,ledger_audit,bad_omission,4,100,0,1785933235062844660,DETECTED_ONLY,DETECTED_ONLY,True,FINALIZED,False,True,False,5071.810538,6.356057,6.357031,103,5403760,10268,1397,1401,5,1024,50,1,6,,,,,,,,,,,,,,
competitor_faults,ledger_audit,bad_omission,4,100,1,1785933235062844661,DETECTED_ONLY,DETECTED_ONLY,True,FINALIZED,False,True,False,4942.084983,7.292501,7.293436,103,5403724,10268,1402,1406,5,1024,50,1,6,,,,,,,,,,,,,,
competitor_faults,ledger_audit,bad_omission,4,100,2,1785933235062844662,DETECTED_ONLY,DETECTED_ONLY,True,FINALIZED,False,True,False,5978.687886,6.29689,6.265934000000001,103,5403748,10268,1407,1412,6,1024,50,1,6,,,,,,,,,,,,,,
competitor_faults,ledger_audit,bad_aggregate,4,100,0,1785933235062844664,DETECTED_ONLY,DETECTED_ONLY,True,FINALIZED,False,True,False,5915.00121,0.5619270000000001,0.5618179999999999,103,5403748,10268,1419,1424,6,1024,50,1,6,,,,,,,,,,,,,,
competitor_faults,ledger_audit,bad_aggregate,4,100,1,1785933235062844665,DETECTED_ONLY,DETECTED_ONLY,True,FINALIZED,False,True,False,6009.686623,0.7008129999999999,0.702512,103,5403688,10268,1425,1430,6,1024,50,1,6,,,,,,,,,,,,,,
competitor_faults,ledger_audit,bad_aggregate,4,100,2,1785933235062844666,DETECTED_ONLY,DETECTED_ONLY,True,FINALIZED,False,True,False,6049.573115,0.207132,0.206095,103,5403724,10268,1431,1436,6,1024,50,1,6,,,,,,,,,,,,,,
competitor_faults,ledger_audit,dependent_fault,4,100,0,1785933235062844668,DETECTED_ONLY,DETECTED_ONLY,True,FINALIZED,False,True,False,4904.216098,7.874409,5.977361,103,5403772,10268,1442,1446,5,1024,50,1,6,,,,,,,,,,,,,,
competitor_faults,ledger_audit,dependent_fault,4,100,1,1785933235062844669,DETECTED_ONLY,DETECTED_ONLY,True,FINALIZED,False,True,False,6052.233243,7.660073,5.684108,103,5403724,10268,1447,1452,6,1024,50,1,6,,,,,,,,,,,,,,
competitor_faults,ledger_audit,dependent_fault,4,100,2,1785933235062844670,DETECTED_ONLY,DETECTED_ONLY,True,FINALIZED,False,True,False,5039.155358,9.294489,6.1360090000000005,103,5403796,10268,1453,1457,5,1024,50,1,6,,,,,,,,,,,,,,
competitor_faults,ledger_audit,correction_laundering,4,100,0,1785933235062844672,DETECTED_ONLY,DETECTED_ONLY,True,FINALIZED,False,True,False,4954.582588,0.311648,0.311599,103,5402452,10268,1463,1467,5,1024,50,1,6,,,,,,,,,,,,,,
competitor_faults,ledger_audit,correction_laundering,4,100,1,1785933235062844673,DETECTED_ONLY,DETECTED_ONLY,True,FINALIZED,False,True,False,5004.883309,0.256998,0.256469,103,5403796,10268,1468,1472,5,1024,50,1,6,,,,,,,,,,,,,,
competitor_faults,ledger_audit,correction_laundering,4,100,2,1785933235062844674,DETECTED_ONLY,DETECTED_ONLY,True,FINALIZED,False,True,False,4997.427357,0.271272,0.270952,103,5403736,10268,1473,1477,5,1024,50,1,6,,,,,,,,,,,,,,
competitor_faults,ledger_audit,resolver_unavailable,4,100,0,1785933235062844676,NOT_APPLICABLE,NOT_APPLICABLE,True,NOT_APPLICABLE,False,False,False,0.0,0.0,0.0,0,0,0,-1,-1,0,1024,50,1,6,,,,,,,,,,,,,,
competitor_faults,ledger_audit,resolver_unavailable,4,100,1,1785933235062844677,NOT_APPLICABLE,NOT_APPLICABLE,True,NOT_APPLICABLE,False,False,False,0.0,0.0,0.0,0,0,0,-1,-1,0,1024,50,1,6,,,,,,,,,,,,,,
competitor_faults,ledger_audit,resolver_unavailable,4,100,2,1785933235062844678,NOT_APPLICABLE,NOT_APPLICABLE,True,NOT_APPLICABLE,False,False,False,0.0,0.0,0.0,0,0,0,-1,-1,0,1024,50,1,6,,,,,,,,,,,,,,
competitor_faults,eager_full,bad_admission,4,100,0,1785933235062844680,PREVENTED,PREVENTED,True,FINALIZED,True,True,True,10050.477181,1386.323224,1188.082975,106,8349070,17256,1488,1497,10,1024,50,1,18,,,,,,,,,,,,,,
competitor_faults,eager_full,bad_admission,4,100,1,1785933235062844681,PREVENTED,PREVENTED,True,FINALIZED,True,True,True,9982.949182,1329.025585,1137.892589,106,8349106,17256,1498,1507,10,1024,50,1,18,,,,,,,,,,,,,,
competitor_faults,eager_full,bad_admission,4,100,2,1785933235062844682,PREVENTED,PREVENTED,True,FINALIZED,True,True,True,9986.578064,1383.040972,1171.189015,106,8348986,17256,1508,1517,10,1024,50,1,18,,,,,,,,,,,,,,
competitor_faults,eager_full,bad_omission,4,100,0,1785933235062844684,PREVENTED,PREVENTED,True,FINALIZED,True,True,True,10052.879177,1357.136113,1176.566131,106,8346198,17256,1528,1537,10,1024,50,1,18,,,,,,,,,,,,,,
competitor_faults,eager_full,bad_omission,4,100,1,1785933235062844685,PREVENTED,PREVENTED,True,FINALIZED,True,True,True,9911.206025,1316.061468,1124.119186,106,8346222,17256,1538,1547,10,1024,50,1,18,,,,,,,,,,,,,,
competitor_faults,eager_full,bad_omission,4,100,2,1785933235062844686,PREVENTED,PREVENTED,True,FINALIZED,True,True,True,10034.509632,1348.417995,1148.579957,106,8346246,17256,1548,1557,10,1024,50,1,18,,,,,,,,,,,,,,
competitor_faults,eager_full,bad_aggregate,4,100,0,1785933235062844688,PREVENTED,PREVENTED,True,FINALIZED,True,True,True,9911.796693,1350.693014,1166.029681,106,8343482,17256,1568,1577,10,1024,50,1,18,,,,,,,,,,,,,,
competitor_faults,eager_full,bad_aggregate,4,100,1,1785933235062844689,PREVENTED,PREVENTED,True,FINALIZED,True,True,True,10034.950403,1328.224703,1144.996383,106,8343518,17256,1578,1587,10,1024,50,1,18,,,,,,,,,,,,,,
competitor_faults,eager_full,bad_aggregate,4,100,2,1785933235062844690,PREVENTED,PREVENTED,True,FINALIZED,True,True,True,9977.994266,1365.697173,1174.481829,106,8343458,17256,1588,1597,10,1024,50,1,18,,,,,,,,,,,,,,
competitor_faults,eager_full,dependent_fault,4,100,0,1785933235062844692,PREVENTED,PREVENTED,True,FINALIZED,True,True,True,10022.467326,1346.861408,1150.823382,106,8349106,17256,1608,1617,10,1024,50,1,18,,,,,,,,,,,,,,
competitor_faults,eager_full,dependent_fault,4,100,1,1785933235062844693,PREVENTED,PREVENTED,True,FINALIZED,True,True,True,9951.478458,1364.053775,1164.491013,106,8349058,17256,1618,1627,10,1024,50,1,18,,,,,,,,,,,,,,
competitor_faults,eager_full,dependent_fault,4,100,2,1785933235062844694,PREVENTED,PREVENTED,True,FINALIZED,True,True,True,9969.737466,1397.925189,1197.866989,106,8349106,17256,1628,1637,10,1024,50,1,18,,,,,,,,,,,,,,
competitor_faults,eager_full,correction_laundering,4,100,0,1785933235062844696,PREVENTED,PREVENTED,True,FINALIZED,True,True,True,9980.949805,1376.980934,1182.082494,106,8343566,17256,1648,1657,10,1024,50,1,18,,,,,,,,,,,,,,
competitor_faults,eager_full,correction_laundering,4,100,1,1785933235062844697,PREVENTED,PREVENTED,True,FINALIZED,True,True,True,10037.778032,1427.115851,1227.86932,106,8343338,17256,1658,1667,10,1024,50,1,18,,,,,,,,,,,,,,
competitor_faults,eager_full,correction_laundering,4,100,2,1785933235062844698,PREVENTED,PREVENTED,True,FINALIZED,True,True,True,9977.30678,1377.930472,1178.133207,106,8343518,17256,1668,1677,10,1024,50,1,18,,,,,,,,,,,,,,
competitor_faults,eager_full,resolver_unavailable,4,100,0,1785933235062844700,SAFE_ABORT,SAFE_ABORT,True,ABORTED,False,False,False,26991.588705,0.0,0.0,105,8253919,17028,1704,1730,27,1024,50,1,18,,,,,,,,,,,,,,
competitor_faults,eager_full,resolver_unavailable,4,100,1,1785933235062844701,SAFE_ABORT,SAFE_ABORT,True,ABORTED,False,False,False,25979.760299,0.0,0.0,105,8253919,17028,1731,1756,26,1024,50,1,18,,,,,,,,,,,,,,
competitor_faults,eager_full,resolver_unavailable,4,100,2,1785933235062844702,SAFE_ABORT,SAFE_ABORT,True,ABORTED,False,False,False,26023.361999,0.0,0.0,105,8253955,17028,1757,1782,26,1024,50,1,18,,,,,,,,,,,,,,
competitor_faults,single_shot,bad_admission,4,100,0,1785933235062844704,CORRECTED,CORRECTED,True,FINALIZED,True,True,True,9899.245397,8.028205999999999,5.914008,108,8785779,17520,1793,1802,10,1024,50,1,6,,,,,,,,,,,,,,
competitor_faults,single_shot,bad_admission,4,100,1,1785933235062844705,CORRECTED,CORRECTED,True,FINALIZED,True,True,True,10097.421491,8.373479,5.587908,108,8785779,17520,1803,1812,10,1024,50,1,6,,,,,,,,,,,,,,
competitor_faults,single_shot,bad_admission,4,100,2,1785933235062844706,CORRECTED,CORRECTED,True,FINALIZED,True,True,True,9933.418887,6.918321,5.193226999999999,108,8785731,17520,1813,1822,10,1024,50,1,6,,,,,,,,,,,,,,
competitor_faults,single_shot,bad_omission,4,100,0,1785933235062844708,CORRECTED,CORRECTED,True,FINALIZED,True,True,True,10015.875172,5.633158,5.633456,108,8802867,17520,1833,1842,10,1024,50,1,6,,,,,,,,,,,,,,
competitor_faults,single_shot,bad_omission,4,100,1,1785933235062844709,CORRECTED,CORRECTED,True,FINALIZED,True,True,True,10056.521092,5.51767,5.51759,108,8802903,17520,1843,1852,10,1024,50,1,6,,,,,,,,,,,,,,
competitor_faults,single_shot,bad_omission,4,100,2,1785933235062844710,CORRECTED,CORRECTED,True,FINALIZED,True,True,True,9923.958535,5.3700980000000005,5.3702060000000005,108,8802891,17520,1853,1862,10,1024,50,1,6,,,,,,,,,,,,,,
competitor_faults,single_shot,bad_aggregate,4,100,0,1785933235062844712,CORRECTED,CORRECTED,True,FINALIZED,True,True,True,10029.634944,0.222825,0.222469,108,8748207,17520,1873,1882,10,1024,50,1,6,,,,,,,,,,,,,,
competitor_faults,single_shot,bad_aggregate,4,100,1,1785933235062844713,CORRECTED,CORRECTED,True,FINALIZED,True,True,True,9915.795109,0.209301,0.208459,108,8748219,17520,1883,1892,10,1024,50,1,6,,,,,,,,,,,,,,
competitor_faults,single_shot,bad_aggregate,4,100,2,1785933235062844714,CORRECTED,CORRECTED,True,FINALIZED,True,True,True,10078.761291,0.231447,0.230796,108,8748123,17520,1893,1902,10,1024,50,1,6,,,,,,,,,,,,,,
competitor_faults,single_shot,dependent_fault,4,100,0,1785933235062844716,FAULTY_FINALIZED,FAULTY_FINALIZED,True,FINALIZED,False,True,False,9934.633471,7.781218,5.797696,108,8782967,17520,1913,1922,10,1024,50,1,6,,,,,,,,,,,,,,
competitor_faults,single_shot,dependent_fault,4,100,1,1785933235062844717,FAULTY_FINALIZED,FAULTY_FINALIZED,True,FINALIZED,False,True,False,10041.105492,8.864569,5.828167,108,8782955,17520,1923,1932,10,1024,50,1,6,,,,,,,,,,,,,,
competitor_faults,single_shot,dependent_fault,4,100,2,1785933235062844718,FAULTY_FINALIZED,FAULTY_FINALIZED,True,FINALIZED,False,True,False,9971.447897,7.4179,5.831008000000001,108,8782991,17520,1933,1942,10,1024,50,1,6,,,,,,,,,,,,,,
competitor_faults,single_shot,correction_laundering,4,100,0,1785933235062844720,FAULTY_FINALIZED,FAULTY_FINALIZED,True,FINALIZED,False,True,False,9988.771156,0.282327,0.281103,108,8748243,17520,1953,1962,10,1024,50,1,6,,,,,,,,,,,,,,
competitor_faults,single_shot,correction_laundering,4,100,1,1785933235062844721,FAULTY_FINALIZED,FAULTY_FINALIZED,True,FINALIZED,False,True,False,10031.780216,0.25817,0.257709,108,8748171,17520,1963,1972,10,1024,50,1,6,,,,,,,,,,,,,,
competitor_faults,single_shot,correction_laundering,4,100,2,1785933235062844722,FAULTY_FINALIZED,FAULTY_FINALIZED,True,FINALIZED,False,True,False,9993.642217,0.241898,0.242104,108,8748123,17520,1973,1982,10,1024,50,1,6,,,,,,,,,,,,,,
competitor_faults,single_shot,resolver_unavailable,4,100,0,1785933235062844724,STUCK,STUCK,True,CHALLENGE,False,True,False,13984.047952,0.265896,0.265627,105,8606832,17188,1997,2003,7,1024,50,1,6,,,,,,,,,,,,,,
competitor_faults,single_shot,resolver_unavailable,4,100,1,1785933235062844725,STUCK,STUCK,True,CHALLENGE,False,True,False,13967.791168,0.365847,0.36645,105,8606748,17188,2011,2017,7,1024,50,1,6,,,,,,,,,,,,,,
competitor_faults,single_shot,resolver_unavailable,4,100,2,1785933235062844726,STUCK,STUCK,True,CHALLENGE,False,True,False,14011.073455,0.2173479999999999,0.21743,105,8606832,17188,2025,2031,7,1024,50,1,6,,,,,,,,,,,,,,
competitor_aggregate_scaling,plain_fl,bad_aggregate,4,10,0,1785932860779215973,FAULTY_FINALIZED,FAULTY_FINALIZED,True,LOCAL_FINALIZED,False,False,False,0.096936,0.0,0.0,0,0,0,-1,-1,0,1024,50,1,6,,,,,,,,,,,,,,
competitor_aggregate_scaling,plain_fl,bad_aggregate,4,10,1,1785932860779215974,FAULTY_FINALIZED,FAULTY_FINALIZED,True,LOCAL_FINALIZED,False,False,False,0.094837,0.0,0.0,0,0,0,-1,-1,0,1024,50,1,6,,,,,,,,,,,,,,
competitor_aggregate_scaling,plain_fl,bad_aggregate,4,10,2,1785932860779215975,FAULTY_FINALIZED,FAULTY_FINALIZED,True,LOCAL_FINALIZED,False,False,False,0.08854,0.0,0.0,0,0,0,-1,-1,0,1024,50,1,6,,,,,,,,,,,,,,
competitor_aggregate_scaling,ledger_audit,bad_aggregate,4,10,0,1785932860779215977,DETECTED_ONLY,DETECTED_ONLY,True,FINALIZED,False,True,False,3982.339176,0.09834,0.097412,13,715408,1268,1000,1003,4,1024,50,1,6,,,,,,,,,,,,,,
competitor_aggregate_scaling,ledger_audit,bad_aggregate,4,10,1,1785932860779215978,DETECTED_ONLY,DETECTED_ONLY,True,FINALIZED,False,True,False,3976.391074,0.108155,0.107777,13,715360,1268,1004,1007,4,1024,50,1,6,,,,,,,,,,,,,,
competitor_aggregate_scaling,ledger_audit,bad_aggregate,4,10,2,1785932860779215979,DETECTED_ONLY,DETECTED_ONLY,True,FINALIZED,False,True,False,3978.737446,0.108852,0.107547,13,715420,1268,1008,1011,4,1024,50,1,6,,,,,,,,,,,,,,
competitor_aggregate_scaling,eager_full,bad_aggregate,4,10,0,1785932860779215981,PREVENTED,PREVENTED,True,FINALIZED,True,True,True,5994.401227,78.910638,63.834398,15,1112017,2332,1018,1023,6,1024,50,1,12,,,,,,,,,,,,,,
competitor_aggregate_scaling,eager_full,bad_aggregate,4,10,1,1785932860779215982,PREVENTED,PREVENTED,True,FINALIZED,True,True,True,5996.234682,83.658445,63.720894,15,1111993,2332,1024,1029,6,1024,50,1,12,,,,,,,,,,,,,,
competitor_aggregate_scaling,eager_full,bad_aggregate,4,10,2,1785932860779215983,PREVENTED,PREVENTED,True,FINALIZED,True,True,True,5971.870241,76.064689,61.253597,15,1112017,2332,1030,1035,6,1024,50,1,12,,,,,,,,,,,,,,
competitor_aggregate_scaling,single_shot,bad_aggregate,4,10,0,1785932860779215985,CORRECTED,CORRECTED,True,FINALIZED,True,True,True,8022.204353,0.084734,0.083914,17,1319710,2596,1044,1051,8,1024,50,1,6,,,,,,,,,,,,,,
competitor_aggregate_scaling,single_shot,bad_aggregate,4,10,1,1785932860779215986,CORRECTED,CORRECTED,True,FINALIZED,True,True,True,8027.883658,0.1080219999999999,0.107225,17,1319710,2596,1052,1059,8,1024,50,1,6,,,,,,,,,,,,,,
competitor_aggregate_scaling,single_shot,bad_aggregate,4,10,2,1785932860779215987,CORRECTED,CORRECTED,True,FINALIZED,True,True,True,8018.329532,0.094534,0.093746,17,1319722,2596,1060,1067,8,1024,50,1,6,,,,,,,,,,,,,,
competitor_aggregate_scaling,plain_fl,bad_aggregate,4,50,0,1785932860779215989,FAULTY_FINALIZED,FAULTY_FINALIZED,True,LOCAL_FINALIZED,False,False,False,0.160304,0.0,0.0,0,0,0,-1,-1,0,1024,50,1,6,,,,,,,,,,,,,,
competitor_aggregate_scaling,plain_fl,bad_aggregate,4,50,1,1785932860779215990,FAULTY_FINALIZED,FAULTY_FINALIZED,True,LOCAL_FINALIZED,False,False,False,0.232805,0.0,0.0,0,0,0,-1,-1,0,1024,50,1,6,,,,,,,,,,,,,,
competitor_aggregate_scaling,plain_fl,bad_aggregate,4,50,2,1785932860779215991,FAULTY_FINALIZED,FAULTY_FINALIZED,True,LOCAL_FINALIZED,False,False,False,0.157364,0.0,0.0,0,0,0,-1,-1,0,1024,50,1,6,,,,,,,,,,,,,,
competitor_aggregate_scaling,ledger_audit,bad_aggregate,4,50,0,1785932860779215993,DETECTED_ONLY,DETECTED_ONLY,True,FINALIZED,False,True,False,4063.324039,0.138477,0.13727,53,2799068,5268,1072,1075,4,1024,50,1,6,,,,,,,,,,,,,,
competitor_aggregate_scaling,ledger_audit,bad_aggregate,4,50,1,1785932860779215994,DETECTED_ONLY,DETECTED_ONLY,True,FINALIZED,False,True,False,3964.328507,0.171858,0.170763,53,2799116,5268,1076,1079,4,1024,50,1,6,,,,,,,,,,,,,,
competitor_aggregate_scaling,ledger_audit,bad_aggregate,4,50,2,1785932860779215995,DETECTED_ONLY,DETECTED_ONLY,True,FINALIZED,False,True,False,3959.988051,0.183178,0.182713,53,2799056,5268,1080,1083,4,1024,50,1,6,,,,,,,,,,,,,,
competitor_aggregate_scaling,eager_full,bad_aggregate,4,50,0,1785932860779215997,PREVENTED,PREVENTED,True,FINALIZED,True,True,True,5973.390219,571.990395,460.349025,55,4313657,8892,1090,1095,6,1024,50,1,13,,,,,,,,,,,,,,
competitor_aggregate_scaling,eager_full,bad_aggregate,4,50,1,1785932860779215998,PREVENTED,PREVENTED,True,FINALIZED,True,True,True,6060.954729,558.828955,451.92988,55,4313669,8892,1096,1101,6,1024,50,1,13,,,,,,,,,,,,,,
competitor_aggregate_scaling,eager_full,bad_aggregate,4,50,2,1785932860779215999,PREVENTED,PREVENTED,True,FINALIZED,True,True,True,5951.006879,536.373027,443.794668,55,4313645,8892,1102,1107,6,1024,50,1,13,,,,,,,,,,,,,,
competitor_aggregate_scaling,single_shot,bad_aggregate,4,50,0,1785932860779216001,CORRECTED,CORRECTED,True,FINALIZED,True,True,True,7960.752097,0.169165,0.168521,57,4608014,9156,1116,1123,8,1024,50,1,6,,,,,,,,,,,,,,
competitor_aggregate_scaling,single_shot,bad_aggregate,4,50,1,1785932860779216002,CORRECTED,CORRECTED,True,FINALIZED,True,True,True,7997.27262,0.162673,0.161888,57,4607978,9156,1124,1131,8,1024,50,1,6,,,,,,,,,,,,,,
competitor_aggregate_scaling,single_shot,bad_aggregate,4,50,2,1785932860779216003,CORRECTED,CORRECTED,True,FINALIZED,True,True,True,8068.493735,0.424988,0.424545,57,4607990,9156,1132,1139,8,1024,50,1,6,,,,,,,,,,,,,,
competitor_aggregate_scaling,plain_fl,bad_aggregate,4,100,0,1785932860779216005,FAULTY_FINALIZED,FAULTY_FINALIZED,True,LOCAL_FINALIZED,False,False,False,0.287919,0.0,0.0,0,0,0,-1,-1,0,1024,50,1,6,,,,,,,,,,,,,,
competitor_aggregate_scaling,plain_fl,bad_aggregate,4,100,1,1785932860779216006,FAULTY_FINALIZED,FAULTY_FINALIZED,True,LOCAL_FINALIZED,False,False,False,0.268037,0.0,0.0,0,0,0,-1,-1,0,1024,50,1,6,,,,,,,,,,,,,,
competitor_aggregate_scaling,plain_fl,bad_aggregate,4,100,2,1785932860779216007,FAULTY_FINALIZED,FAULTY_FINALIZED,True,LOCAL_FINALIZED,False,False,False,0.257632,0.0,0.0,0,0,0,-1,-1,0,1024,50,1,6,,,,,,,,,,,,,,
competitor_aggregate_scaling,ledger_audit,bad_aggregate,4,100,0,1785932860779216009,DETECTED_ONLY,DETECTED_ONLY,True,FINALIZED,False,True,False,5001.630305,0.209941,0.20921,103,5403700,10268,1145,1149,5,1024,50,1,6,,,,,,,,,,,,,,
competitor_aggregate_scaling,ledger_audit,bad_aggregate,4,100,1,1785932860779216010,DETECTED_ONLY,DETECTED_ONLY,True,FINALIZED,False,True,False,4995.858773,0.231736,0.231504,103,5403772,10268,1150,1154,5,1024,50,1,6,,,,,,,,,,,,,,
competitor_aggregate_scaling,ledger_audit,bad_aggregate,4,100,2,1785932860779216011,DETECTED_ONLY,DETECTED_ONLY,True,FINALIZED,False,True,False,6021.048993,0.234151,0.233934,103,5403796,10268,1155,1160,6,1024,50,1,6,,,,,,,,,,,,,,
competitor_aggregate_scaling,eager_full,bad_aggregate,4,100,0,1785932860779216013,PREVENTED,PREVENTED,True,FINALIZED,True,True,True,9060.311578,1223.219991,1048.736122,106,8343542,17256,1170,1178,9,1024,50,1,18,,,,,,,,,,,,,,
competitor_aggregate_scaling,eager_full,bad_aggregate,4,100,1,1785932860779216014,PREVENTED,PREVENTED,True,FINALIZED,True,True,True,10960.205522,1417.376569,1226.048408,106,8343446,17256,1179,1189,11,1024,50,1,18,,,,,,,,,,,,,,
competitor_aggregate_scaling,eager_full,bad_aggregate,4,100,2,1785932860779216015,PREVENTED,PREVENTED,True,FINALIZED,True,True,True,9956.0103,1342.86207,1140.73379,106,8343506,17256,1190,1199,10,1024,50,1,18,,,,,,,,,,,,,,
competitor_aggregate_scaling,single_shot,bad_aggregate,4,100,0,1785932860779216017,CORRECTED,CORRECTED,True,FINALIZED,True,True,True,9992.496628,0.26175,0.261099,108,8748135,17520,1210,1219,10,1024,50,1,6,,,,,,,,,,,,,,
competitor_aggregate_scaling,single_shot,bad_aggregate,4,100,1,1785932860779216018,CORRECTED,CORRECTED,True,FINALIZED,True,True,True,10012.901813,0.3351659999999999,0.335261,108,8748219,17520,1220,1229,10,1024,50,1,6,,,,,,,,,,,,,,
competitor_aggregate_scaling,single_shot,bad_aggregate,4,100,2,1785932860779216019,CORRECTED,CORRECTED,True,FINALIZED,True,True,True,9976.682766,0.29584,0.295778,108,8748219,17520,1230,1239,10,1024,50,1,6,,,,,,,,,,,,,,
competitor_clean,plain_fl,clean,4,10,0,1785931969950808500,CLEAN,CLEAN,True,LOCAL_FINALIZED,True,False,False,0.110607,0.0,0.0,0,0,0,-1,-1,0,1024,50,1,6,,,,,,,,,,,,,,
competitor_clean,plain_fl,clean,4,10,1,1785931969950808501,CLEAN,CLEAN,True,LOCAL_FINALIZED,True,False,False,0.093614,0.0,0.0,0,0,0,-1,-1,0,1024,50,1,6,,,,,,,,,,,,,,
competitor_clean,plain_fl,clean,4,10,2,1785931969950808502,CLEAN,CLEAN,True,LOCAL_FINALIZED,True,False,False,0.094765,0.0,0.0,0,0,0,-1,-1,0,1024,50,1,6,,,,,,,,,,,,,,
competitor_clean,plain_fl,clean,4,10,3,1785931969950808503,CLEAN,CLEAN,True,LOCAL_FINALIZED,True,False,False,0.097562,0.0,0.0,0,0,0,-1,-1,0,1024,50,1,6,,,,,,,,,,,,,,
competitor_clean,plain_fl,clean,4,10,4,1785931969950808504,CLEAN,CLEAN,True,LOCAL_FINALIZED,True,False,False,0.095874,0.0,0.0,0,0,0,-1,-1,0,1024,50,1,6,,,,,,,,,,,,,,
competitor_clean,plain_fl,clean,4,10,5,1785931969950808505,CLEAN,CLEAN,True,LOCAL_FINALIZED,True,False,False,0.220045,0.0,0.0,0,0,0,-1,-1,0,1024,50,1,6,,,,,,,,,,,,,,
competitor_clean,plain_fl,clean,4,10,6,1785931969950808506,CLEAN,CLEAN,True,LOCAL_FINALIZED,True,False,False,0.106808,0.0,0.0,0,0,0,-1,-1,0,1024,50,1,6,,,,,,,,,,,,,,
competitor_clean,plain_fl,clean,4,10,7,1785931969950808507,CLEAN,CLEAN,True,LOCAL_FINALIZED,True,False,False,0.09896,0.0,0.0,0,0,0,-1,-1,0,1024,50,1,6,,,,,,,,,,,,,,
competitor_clean,plain_fl,clean,4,10,8,1785931969950808508,CLEAN,CLEAN,True,LOCAL_FINALIZED,True,False,False,0.093046,0.0,0.0,0,0,0,-1,-1,0,1024,50,1,6,,,,,,,,,,,,,,
competitor_clean,plain_fl,clean,4,10,9,1785931969950808509,CLEAN,CLEAN,True,LOCAL_FINALIZED,True,False,False,0.091451,0.0,0.0,0,0,0,-1,-1,0,1024,50,1,6,,,,,,,,,,,,,,
competitor_clean,ledger_audit,clean,4,10,0,1785931969950808511,CLEAN,CLEAN,True,FINALIZED,True,False,False,3942.237433,0.0,0.0,13,715396,1268,110,113,4,1024,50,1,6,,,,,,,,,,,,,,
competitor_clean,ledger_audit,clean,4,10,1,1785931969950808512,CLEAN,CLEAN,True,FINALIZED,True,False,False,4045.711948,0.0,0.0,13,715396,1268,114,117,4,1024,50,1,6,,,,,,,,,,,,,,
competitor_clean,ledger_audit,clean,4,10,2,1785931969950808513,CLEAN,CLEAN,True,FINALIZED,True,False,False,3959.165549,0.0,0.0,13,715372,1268,118,121,4,1024,50,1,6,,,,,,,,,,,,,,
competitor_clean,ledger_audit,clean,4,10,3,1785931969950808514,CLEAN,CLEAN,True,FINALIZED,True,False,False,4085.823524,0.0,0.0,13,715408,1268,122,125,4,1024,50,1,6,,,,,,,,,,,,,,
competitor_clean,ledger_audit,clean,4,10,4,1785931969950808515,CLEAN,CLEAN,True,FINALIZED,True,False,False,3961.734316,0.0,0.0,13,715408,1268,126,129,4,1024,50,1,6,,,,,,,,,,,,,,
competitor_clean,ledger_audit,clean,4,10,5,1785931969950808516,CLEAN,CLEAN,True,FINALIZED,True,False,False,3944.052692,0.0,0.0,13,715384,1268,130,133,4,1024,50,1,6,,,,,,,,,,,,,,
competitor_clean,ledger_audit,clean,4,10,6,1785931969950808517,CLEAN,CLEAN,True,FINALIZED,True,False,False,4060.806183,0.0,0.0,13,715396,1268,134,137,4,1024,50,1,6,,,,,,,,,,,,,,
competitor_clean,ledger_audit,clean,4,10,7,1785931969950808518,CLEAN,CLEAN,True,FINALIZED,True,False,False,3952.846996,0.0,0.0,13,715408,1268,138,141,4,1024,50,1,6,,,,,,,,,,,,,,
competitor_clean,ledger_audit,clean,4,10,8,1785931969950808519,CLEAN,CLEAN,True,FINALIZED,True,False,False,4054.425244,0.0,0.0,13,715420,1268,142,145,4,1024,50,1,6,,,,,,,,,,,,,,
competitor_clean,ledger_audit,clean,4,10,9,1785931969950808520,CLEAN,CLEAN,True,FINALIZED,True,False,False,3950.858522,0.0,0.0,13,715396,1268,146,149,4,1024,50,1,6,,,,,,,,,,,,,,
competitor_clean,eager_full,clean,4,10,0,1785931969950808522,CLEAN,CLEAN,True,FINALIZED,True,False,False,5974.503083,93.715424,64.290246,15,1109193,2332,156,161,6,1024,50,1,12,,,,,,,,,,,,,,
competitor_clean,eager_full,clean,4,10,1,1785931969950808523,CLEAN,CLEAN,True,FINALIZED,True,False,False,5970.251928,98.689384,71.34522,15,1109193,2332,162,167,6,1024,50,1,12,,,,,,,,,,,,,,
competitor_clean,eager_full,clean,4,10,2,1785931969950808524,CLEAN,CLEAN,True,FINALIZED,True,False,False,6001.919536,111.790023,78.747272,15,1109217,2332,168,173,6,1024,50,1,12,,,,,,,,,,,,,,
competitor_clean,eager_full,clean,4,10,3,1785931969950808525,CLEAN,CLEAN,True,FINALIZED,True,False,False,5974.044975,100.509988,70.667453,15,1109169,2332,174,179,6,1024,50,1,12,,,,,,,,,,,,,,
competitor_clean,eager_full,clean,4,10,4,1785931969950808526,CLEAN,CLEAN,True,FINALIZED,True,False,False,6056.360925,83.685055,61.417253,15,1109181,2332,180,185,6,1024,50,1,12,,,,,,,,,,,,,,
competitor_clean,eager_full,clean,4,10,5,1785931969950808527,CLEAN,CLEAN,True,FINALIZED,True,False,False,5965.772355,97.262596,66.523321,15,1109169,2332,186,191,6,1024,50,1,12,,,,,,,,,,,,,,
competitor_clean,eager_full,clean,4,10,6,1785931969950808528,CLEAN,CLEAN,True,FINALIZED,True,False,False,5953.015482,87.027806,61.611049,15,1109205,2332,192,197,6,1024,50,1,12,,,,,,,,,,,,,,
competitor_clean,eager_full,clean,4,10,7,1785931969950808529,CLEAN,CLEAN,True,FINALIZED,True,False,False,6053.040717,83.554065,62.107928,15,1109193,2332,198,203,6,1024,50,1,12,,,,,,,,,,,,,,
competitor_clean,eager_full,clean,4,10,8,1785931969950808530,CLEAN,CLEAN,True,FINALIZED,True,False,False,5946.815057,80.977856,60.832103,15,1109205,2332,204,209,6,1024,50,1,12,,,,,,,,,,,,,,
competitor_clean,eager_full,clean,4,10,9,1785931969950808531,CLEAN,CLEAN,True,FINALIZED,True,False,False,6047.866972,87.444705,65.391286,15,1109169,2332,210,215,6,1024,50,1,12,,,,,,,,,,,,,,
competitor_clean,single_shot,clean,4,10,0,1785931969950808533,CLEAN,CLEAN,True,FINALIZED,True,False,False,6948.413272,0.0,0.0,14,1077330,2136,223,229,7,1024,50,1,6,,,,,,,,,,,,,,
competitor_clean,single_shot,clean,4,10,1,1785931969950808534,CLEAN,CLEAN,True,FINALIZED,True,False,False,7050.200911,0.0,0.0,14,1077330,2136,230,236,7,1024,50,1,6,,,,,,,,,,,,,,
competitor_clean,single_shot,clean,4,10,2,1785931969950808535,CLEAN,CLEAN,True,FINALIZED,True,False,False,6983.220209,0.0,0.0,14,1077318,2136,237,243,7,1024,50,1,6,,,,,,,,,,,,,,
competitor_clean,single_shot,clean,4,10,3,1785931969950808536,CLEAN,CLEAN,True,FINALIZED,True,False,False,6984.464947,0.0,0.0,14,1077342,2136,244,250,7,1024,50,1,6,,,,,,,,,,,,,,
competitor_clean,single_shot,clean,4,10,4,1785931969950808537,CLEAN,CLEAN,True,FINALIZED,True,False,False,6929.590023,0.0,0.0,14,1077342,2136,251,257,7,1024,50,1,6,,,,,,,,,,,,,,
competitor_clean,single_shot,clean,4,10,5,1785931969950808538,CLEAN,CLEAN,True,FINALIZED,True,False,False,7100.716207,0.0,0.0,14,1077330,2136,258,264,7,1024,50,1,6,,,,,,,,,,,,,,
competitor_clean,single_shot,clean,4,10,6,1785931969950808539,CLEAN,CLEAN,True,FINALIZED,True,False,False,6979.266498,0.0,0.0,14,1077318,2136,265,271,7,1024,50,1,6,,,,,,,,,,,,,,
competitor_clean,single_shot,clean,4,10,7,1785931969950808540,CLEAN,CLEAN,True,FINALIZED,True,False,False,7003.656762,0.0,0.0,14,1077330,2136,272,278,7,1024,50,1,6,,,,,,,,,,,,,,
competitor_clean,single_shot,clean,4,10,8,1785931969950808541,CLEAN,CLEAN,True,FINALIZED,True,False,False,6957.808931,0.0,0.0,14,1077330,2136,279,285,7,1024,50,1,6,,,,,,,,,,,,,,
competitor_clean,single_shot,clean,4,10,9,1785931969950808542,CLEAN,CLEAN,True,FINALIZED,True,False,False,7017.27627,0.0,0.0,14,1077318,2136,286,292,7,1024,50,1,6,,,,,,,,,,,,,,
competitor_clean,plain_fl,clean,4,50,0,1785931969950808544,CLEAN,CLEAN,True,LOCAL_FINALIZED,True,False,False,0.161031,0.0,0.0,0,0,0,-1,-1,0,1024,50,1,6,,,,,,,,,,,,,,
competitor_clean,plain_fl,clean,4,50,1,1785931969950808545,CLEAN,CLEAN,True,LOCAL_FINALIZED,True,False,False,0.157875,0.0,0.0,0,0,0,-1,-1,0,1024,50,1,6,,,,,,,,,,,,,,
competitor_clean,plain_fl,clean,4,50,2,1785931969950808546,CLEAN,CLEAN,True,LOCAL_FINALIZED,True,False,False,0.187604,0.0,0.0,0,0,0,-1,-1,0,1024,50,1,6,,,,,,,,,,,,,,
competitor_clean,plain_fl,clean,4,50,3,1785931969950808547,CLEAN,CLEAN,True,LOCAL_FINALIZED,True,False,False,0.155272,0.0,0.0,0,0,0,-1,-1,0,1024,50,1,6,,,,,,,,,,,,,,
competitor_clean,plain_fl,clean,4,50,4,1785931969950808548,CLEAN,CLEAN,True,LOCAL_FINALIZED,True,False,False,0.150346,0.0,0.0,0,0,0,-1,-1,0,1024,50,1,6,,,,,,,,,,,,,,
competitor_clean,plain_fl,clean,4,50,5,1785931969950808549,CLEAN,CLEAN,True,LOCAL_FINALIZED,True,False,False,0.147228,0.0,0.0,0,0,0,-1,-1,0,1024,50,1,6,,,,,,,,,,,,,,
competitor_clean,plain_fl,clean,4,50,6,1785931969950808550,CLEAN,CLEAN,True,LOCAL_FINALIZED,True,False,False,0.150987,0.0,0.0,0,0,0,-1,-1,0,1024,50,1,6,,,,,,,,,,,,,,
competitor_clean,plain_fl,clean,4,50,7,1785931969950808551,CLEAN,CLEAN,True,LOCAL_FINALIZED,True,False,False,0.146917,0.0,0.0,0,0,0,-1,-1,0,1024,50,1,6,,,,,,,,,,,,,,
competitor_clean,plain_fl,clean,4,50,8,1785931969950808552,CLEAN,CLEAN,True,LOCAL_FINALIZED,True,False,False,0.164286,0.0,0.0,0,0,0,-1,-1,0,1024,50,1,6,,,,,,,,,,,,,,
competitor_clean,plain_fl,clean,4,50,9,1785931969950808553,CLEAN,CLEAN,True,LOCAL_FINALIZED,True,False,False,0.263312,0.0,0.0,0,0,0,-1,-1,0,1024,50,1,6,,,,,,,,,,,,,,
competitor_clean,ledger_audit,clean,4,50,0,1785931969950808555,CLEAN,CLEAN,True,FINALIZED,True,False,False,3970.781054,0.0,0.0,53,2799092,5268,297,300,4,1024,50,1,6,,,,,,,,,,,,,,
competitor_clean,ledger_audit,clean,4,50,1,1785931969950808556,CLEAN,CLEAN,True,FINALIZED,True,False,False,3996.615185,0.0,0.0,53,2799104,5268,301,304,4,1024,50,1,6,,,,,,,,,,,,,,
competitor_clean,ledger_audit,clean,4,50,2,1785931969950808557,CLEAN,CLEAN,True,FINALIZED,True,False,False,3971.233914,0.0,0.0,53,2799128,5268,305,308,4,1024,50,1,6,,,,,,,,,,,,,,
competitor_clean,ledger_audit,clean,4,50,3,1785931969950808558,CLEAN,CLEAN,True,FINALIZED,True,False,False,4063.159248,0.0,0.0,53,2799080,5268,309,312,4,1024,50,1,6,,,,,,,,,,,,,,
competitor_clean,ledger_audit,clean,4,50,4,1785931969950808559,CLEAN,CLEAN,True,FINALIZED,True,False,False,3977.271371,0.0,0.0,53,2799092,5268,313,316,4,1024,50,1,6,,,,,,,,,,,,,,
competitor_clean,ledger_audit,clean,4,50,5,1785931969950808560,CLEAN,CLEAN,True,FINALIZED,True,False,False,3969.49139,0.0,0.0,53,2799080,5268,317,320,4,1024,50,1,6,,,,,,,,,,,,,,
competitor_clean,ledger_audit,clean,4,50,6,1785931969950808561,CLEAN,CLEAN,True,FINALIZED,True,False,False,4070.408261,0.0,0.0,53,2799056,5268,321,324,4,1024,50,1,6,,,,,,,,,,,,,,
competitor_clean,ledger_audit,clean,4,50,7,1785931969950808562,CLEAN,CLEAN,True,FINALIZED,True,False,False,3930.995855,0.0,0.0,53,2799080,5268,325,328,4,1024,50,1,6,,,,,,,,,,,,,,
competitor_clean,ledger_audit,clean,4,50,8,1785931969950808563,CLEAN,CLEAN,True,FINALIZED,True,False,False,4056.455399,0.0,0.0,53,2799140,5268,329,332,4,1024,50,1,6,,,,,,,,,,,,,,
competitor_clean,ledger_audit,clean,4,50,9,1785931969950808564,CLEAN,CLEAN,True,FINALIZED,True,False,False,3973.078033,0.0,0.0,53,2799128,5268,333,336,4,1024,50,1,6,,,,,,,,,,,,,,
competitor_clean,eager_full,clean,4,50,0,1785931969950808566,CLEAN,CLEAN,True,FINALIZED,True,False,False,5990.372186,490.779758,378.415318,55,4310821,8892,343,348,6,1024,50,1,13,,,,,,,,,,,,,,
competitor_clean,eager_full,clean,4,50,1,1785931969950808567,CLEAN,CLEAN,True,FINALIZED,True,False,False,6084.818774,483.041847,376.161903,55,4310785,8892,349,354,6,1024,50,1,13,,,,,,,,,,,,,,
competitor_clean,eager_full,clean,4,50,2,1785931969950808568,CLEAN,CLEAN,True,FINALIZED,True,False,False,5956.681523,496.380694,378.037467,55,4310785,8892,355,360,6,1024,50,1,13,,,,,,,,,,,,,,
competitor_clean,eager_full,clean,4,50,3,1785931969950808569,CLEAN,CLEAN,True,FINALIZED,True,False,False,5958.276901,493.03468,395.601028,55,4310833,8892,361,366,6,1024,50,1,13,,,,,,,,,,,,,,
competitor_clean,eager_full,clean,4,50,4,1785931969950808570,CLEAN,CLEAN,True,FINALIZED,True,False,False,6082.690741,507.521239,406.371668,55,4310785,8892,367,372,6,1024,50,1,13,,,,,,,,,,,,,,
competitor_clean,eager_full,clean,4,50,5,1785931969950808571,CLEAN,CLEAN,True,FINALIZED,True,False,False,5976.019447,472.773769,373.715427,55,4310821,8892,373,378,6,1024,50,1,13,,,,,,,,,,,,,,
competitor_clean,eager_full,clean,4,50,6,1785931969950808572,CLEAN,CLEAN,True,FINALIZED,True,False,False,5983.071434,507.619067,393.58301,55,4310809,8892,379,384,6,1024,50,1,13,,,,,,,,,,,,,,
competitor_clean,eager_full,clean,4,50,7,1785931969950808573,CLEAN,CLEAN,True,FINALIZED,True,False,False,5985.44007,496.738394,392.26579,55,4310773,8892,385,390,6,1024,50,1,13,,,,,,,,,,,,,,
competitor_clean,eager_full,clean,4,50,8,1785931969950808574,CLEAN,CLEAN,True,FINALIZED,True,False,False,6031.654196,518.866995,401.977816,55,4310869,8892,391,396,6,1024,50,1,13,,,,,,,,,,,,,,
competitor_clean,eager_full,clean,4,50,9,1785931969950808575,CLEAN,CLEAN,True,FINALIZED,True,False,False,5983.061013,530.273449,433.907783,55,4310857,8892,397,402,6,1024,50,1,13,,,,,,,,,,,,,,
competitor_clean,single_shot,clean,4,50,0,1785931969950808577,CLEAN,CLEAN,True,FINALIZED,True,False,False,7013.892138,0.0,0.0,54,4365610,8696,410,416,7,1024,50,1,6,,,,,,,,,,,,,,
competitor_clean,single_shot,clean,4,50,1,1785931969950808578,CLEAN,CLEAN,True,FINALIZED,True,False,False,7008.650991,0.0,0.0,54,4365622,8696,417,423,7,1024,50,1,6,,,,,,,,,,,,,,
competitor_clean,single_shot,clean,4,50,2,1785931969950808579,CLEAN,CLEAN,True,FINALIZED,True,False,False,6988.047538,0.0,0.0,54,4365622,8696,424,430,7,1024,50,1,6,,,,,,,,,,,,,,
competitor_clean,single_shot,clean,4,50,3,1785931969950808580,CLEAN,CLEAN,True,FINALIZED,True,False,False,7015.2524,0.0,0.0,54,4365562,8696,431,437,7,1024,50,1,6,,,,,,,,,,,,,,
competitor_clean,single_shot,clean,4,50,4,1785931969950808581,CLEAN,CLEAN,True,FINALIZED,True,False,False,6973.679823,0.0,0.0,54,4365634,8696,438,444,7,1024,50,1,6,,,,,,,,,,,,,,
competitor_clean,single_shot,clean,4,50,5,1785931969950808582,CLEAN,CLEAN,True,FINALIZED,True,False,False,7031.69608,0.0,0.0,54,4365574,8696,445,451,7,1024,50,1,6,,,,,,,,,,,,,,
competitor_clean,single_shot,clean,4,50,6,1785931969950808583,CLEAN,CLEAN,True,FINALIZED,True,False,False,6965.826058,0.0,0.0,54,4365646,8696,452,458,7,1024,50,1,6,,,,,,,,,,,,,,
competitor_clean,single_shot,clean,4,50,7,1785931969950808584,CLEAN,CLEAN,True,FINALIZED,True,False,False,7017.170586,0.0,0.0,54,4365598,8696,459,465,7,1024,50,1,6,,,,,,,,,,,,,,
competitor_clean,single_shot,clean,4,50,8,1785931969950808585,CLEAN,CLEAN,True,FINALIZED,True,False,False,6977.335616,0.0,0.0,54,4365586,8696,466,472,7,1024,50,1,6,,,,,,,,,,,,,,
competitor_clean,single_shot,clean,4,50,9,1785931969950808586,CLEAN,CLEAN,True,FINALIZED,True,False,False,6982.843156,0.0,0.0,54,4365610,8696,473,479,7,1024,50,1,6,,,,,,,,,,,,,,
competitor_clean,plain_fl,clean,4,100,0,1785931969950808588,CLEAN,CLEAN,True,LOCAL_FINALIZED,True,False,False,0.288142,0.0,0.0,0,0,0,-1,-1,0,1024,50,1,6,,,,,,,,,,,,,,
competitor_clean,plain_fl,clean,4,100,1,1785931969950808589,CLEAN,CLEAN,True,LOCAL_FINALIZED,True,False,False,0.293631,0.0,0.0,0,0,0,-1,-1,0,1024,50,1,6,,,,,,,,,,,,,,
competitor_clean,plain_fl,clean,4,100,2,1785931969950808590,CLEAN,CLEAN,True,LOCAL_FINALIZED,True,False,False,0.266309,0.0,0.0,0,0,0,-1,-1,0,1024,50,1,6,,,,,,,,,,,,,,
competitor_clean,plain_fl,clean,4,100,3,1785931969950808591,CLEAN,CLEAN,True,LOCAL_FINALIZED,True,False,False,0.298928,0.0,0.0,0,0,0,-1,-1,0,1024,50,1,6,,,,,,,,,,,,,,
competitor_clean,plain_fl,clean,4,100,4,1785931969950808592,CLEAN,CLEAN,True,LOCAL_FINALIZED,True,False,False,0.247218,0.0,0.0,0,0,0,-1,-1,0,1024,50,1,6,,,,,,,,,,,,,,
competitor_clean,plain_fl,clean,4,100,5,1785931969950808593,CLEAN,CLEAN,True,LOCAL_FINALIZED,True,False,False,0.227125,0.0,0.0,0,0,0,-1,-1,0,1024,50,1,6,,,,,,,,,,,,,,
competitor_clean,plain_fl,clean,4,100,6,1785931969950808594,CLEAN,CLEAN,True,LOCAL_FINALIZED,True,False,False,0.291755,0.0,0.0,0,0,0,-1,-1,0,1024,50,1,6,,,,,,,,,,,,,,
competitor_clean,plain_fl,clean,4,100,7,1785931969950808595,CLEAN,CLEAN,True,LOCAL_FINALIZED,True,False,False,0.255127,0.0,0.0,0,0,0,-1,-1,0,1024,50,1,6,,,,,,,,,,,,,,
competitor_clean,plain_fl,clean,4,100,8,1785931969950808596,CLEAN,CLEAN,True,LOCAL_FINALIZED,True,False,False,0.265304,0.0,0.0,0,0,0,-1,-1,0,1024,50,1,6,,,,,,,,,,,,,,
competitor_clean,plain_fl,clean,4,100,9,1785931969950808597,CLEAN,CLEAN,True,LOCAL_FINALIZED,True,False,False,0.275602,0.0,0.0,0,0,0,-1,-1,0,1024,50,1,6,,,,,,,,,,,,,,
competitor_clean,ledger_audit,clean,4,100,0,1785931969950808599,CLEAN,CLEAN,True,FINALIZED,True,False,False,4972.729235,0.0,0.0,103,5403688,10268,485,489,5,1024,50,1,6,,,,,,,,,,,,,,
competitor_clean,ledger_audit,clean,4,100,1,1785931969950808600,CLEAN,CLEAN,True,FINALIZED,True,False,False,4945.627447,0.0,0.0,103,5403736,10268,490,494,5,1024,50,1,6,,,,,,,,,,,,,,
competitor_clean,ledger_audit,clean,4,100,2,1785931969950808601,CLEAN,CLEAN,True,FINALIZED,True,False,False,5053.933537,0.0,0.0,103,5403784,10268,495,499,5,1024,50,1,6,,,,,,,,,,,,,,
competitor_clean,ledger_audit,clean,4,100,3,1785931969950808602,CLEAN,CLEAN,True,FINALIZED,True,False,False,4937.319797,0.0,0.0,103,5403784,10268,500,504,5,1024,50,1,6,,,,,,,,,,,,,,
competitor_clean,ledger_audit,clean,4,100,4,1785931969950808603,CLEAN,CLEAN,True,FINALIZED,True,False,False,5039.799837,0.0,0.0,103,5403784,10268,505,509,5,1024,50,1,6,,,,,,,,,,,,,,
competitor_clean,ledger_audit,clean,4,100,5,1785931969950808604,CLEAN,CLEAN,True,FINALIZED,True,False,False,5025.288743,0.0,0.0,103,5403688,10268,510,514,5,1024,50,1,6,,,,,,,,,,,,,,
competitor_clean,ledger_audit,clean,4,100,6,1785931969950808605,CLEAN,CLEAN,True,FINALIZED,True,False,False,4941.863673,0.0,0.0,103,5403736,10268,515,519,5,1024,50,1,6,,,,,,,,,,,,,,
competitor_clean,ledger_audit,clean,4,100,7,1785931969950808606,CLEAN,CLEAN,True,FINALIZED,True,False,False,5048.435918,0.0,0.0,103,5403748,10268,520,524,5,1024,50,1,6,,,,,,,,,,,,,,
competitor_clean,ledger_audit,clean,4,100,8,1785931969950808607,CLEAN,CLEAN,True,FINALIZED,True,False,False,4958.651983,0.0,0.0,103,5403772,10268,525,529,5,1024,50,1,6,,,,,,,,,,,,,,
competitor_clean,ledger_audit,clean,4,100,9,1785931969950808608,CLEAN,CLEAN,True,FINALIZED,True,False,False,5022.58904,0.0,0.0,103,5403748,10268,530,534,5,1024,50,1,6,,,,,,,,,,,,,,
competitor_clean,eager_full,clean,4,100,0,1785931969950808610,CLEAN,CLEAN,True,FINALIZED,True,False,False,10034.641523,1439.398725,1225.354269,106,8340658,17256,545,554,10,1024,50,1,18,,,,,,,,,,,,,,
competitor_clean,eager_full,clean,4,100,1,1785931969950808611,CLEAN,CLEAN,True,FINALIZED,True,False,False,9997.237085,1454.10848,1236.425837,106,8340682,17256,555,564,10,1024,50,1,18,,,,,,,,,,,,,,
competitor_clean,eager_full,clean,4,100,2,1785931969950808612,CLEAN,CLEAN,True,FINALIZED,True,False,False,9990.545252,1420.32185,1199.133236,106,8340694,17256,565,574,10,1024,50,1,18,,,,,,,,,,,,,,
competitor_clean,eager_full,clean,4,100,3,1785931969950808613,CLEAN,CLEAN,True,FINALIZED,True,False,False,9955.215008,1402.788334,1202.037368,106,8340622,17256,575,584,10,1024,50,1,18,,,,,,,,,,,,,,
competitor_clean,eager_full,clean,4,100,4,1785931969950808614,CLEAN,CLEAN,True,FINALIZED,True,False,False,10008.061277,1418.329569,1200.900236,106,8340694,17256,585,594,10,1024,50,1,18,,,,,,,,,,,,,,
competitor_clean,eager_full,clean,4,100,5,1785931969950808615,CLEAN,CLEAN,True,FINALIZED,True,False,False,9998.462574,1427.061648,1211.740449,106,8340622,17256,595,604,10,1024,50,1,18,,,,,,,,,,,,,,
competitor_clean,eager_full,clean,4,100,6,1785931969950808616,CLEAN,CLEAN,True,FINALIZED,True,False,False,10002.060279,1446.564069,1220.701153,106,8340706,17256,605,614,10,1024,50,1,18,,,,,,,,,,,,,,
competitor_clean,eager_full,clean,4,100,7,1785931969950808617,CLEAN,CLEAN,True,FINALIZED,True,False,False,9004.740844,1222.234238,1027.5142,106,8340682,17256,615,623,9,1024,50,1,18,,,,,,,,,,,,,,
competitor_clean,eager_full,clean,4,100,8,1785931969950808618,CLEAN,CLEAN,True,FINALIZED,True,False,False,9005.659162,1191.502135,1000.686281,106,8340634,17256,624,632,9,1024,50,1,18,,,,,,,,,,,,,,
competitor_clean,eager_full,clean,4,100,9,1785931969950808619,CLEAN,CLEAN,True,FINALIZED,True,False,False,8986.986227,1241.611451,1030.686961,106,8340610,17256,633,641,9,1024,50,1,18,,,,,,,,,,,,,,
competitor_clean,single_shot,clean,4,100,0,1785931969950808621,CLEAN,CLEAN,True,FINALIZED,True,False,False,9029.004115,0.0,0.0,105,8505803,17060,651,659,9,1024,50,1,6,,,,,,,,,,,,,,
competitor_clean,single_shot,clean,4,100,1,1785931969950808622,CLEAN,CLEAN,True,FINALIZED,True,False,False,8952.345291,0.0,0.0,105,8505827,17060,660,668,9,1024,50,1,6,,,,,,,,,,,,,,
competitor_clean,single_shot,clean,4,100,2,1785931969950808623,CLEAN,CLEAN,True,FINALIZED,True,False,False,8994.089028,0.0,0.0,105,8505743,17060,669,677,9,1024,50,1,6,,,,,,,,,,,,,,
competitor_clean,single_shot,clean,4,100,3,1785931969950808624,CLEAN,CLEAN,True,FINALIZED,True,False,False,9012.6871,0.0,0.0,105,8505899,17060,678,686,9,1024,50,1,6,,,,,,,,,,,,,,
competitor_clean,single_shot,clean,4,100,4,1785931969950808625,CLEAN,CLEAN,True,FINALIZED,True,False,False,9013.315289,0.0,0.0,105,8505803,17060,687,695,9,1024,50,1,6,,,,,,,,,,,,,,
competitor_clean,single_shot,clean,4,100,5,1785931969950808626,CLEAN,CLEAN,True,FINALIZED,True,False,False,8993.865774,0.0,0.0,105,8505803,17060,696,704,9,1024,50,1,6,,,,,,,,,,,,,,
competitor_clean,single_shot,clean,4,100,6,1785931969950808627,CLEAN,CLEAN,True,FINALIZED,True,False,False,8969.283914,0.0,0.0,105,8505827,17060,705,713,9,1024,50,1,6,,,,,,,,,,,,,,
competitor_clean,single_shot,clean,4,100,7,1785931969950808628,CLEAN,CLEAN,True,FINALIZED,True,False,False,9001.328605,0.0,0.0,105,8505803,17060,714,722,9,1024,50,1,6,,,,,,,,,,,,,,
competitor_clean,single_shot,clean,4,100,8,1785931969950808629,CLEAN,CLEAN,True,FINALIZED,True,False,False,9004.797691,0.0,0.0,105,8505791,17060,723,731,9,1024,50,1,6,,,,,,,,,,,,,,
competitor_clean,single_shot,clean,4,100,9,1785931969950808630,CLEAN,CLEAN,True,FINALIZED,True,False,False,9011.679164,0.0,0.0,105,8505803,17060,732,740,9,1024,50,1,6,,,,,,,,,,,,,,
competitor_contestfl_clean,contestfl,clean,4,10,0,1785932608728276704,,CLEAN,True,,True,,,7010.528316,0.0,,14,1308345,2168,749,755,7,1024,50,1,6,,nominal,FINALIZED,FINALIZED,True,False,0.0,0.0,0.0,1935.131257,1.0,20.0,20.0,0.0
competitor_contestfl_clean,contestfl,clean,4,10,1,1785932608728276705,,CLEAN,True,,True,,,6966.362923,0.0,,14,1308345,2168,756,762,7,1024,50,1,6,,nominal,FINALIZED,FINALIZED,True,False,0.0,0.0,0.0,1983.133286,1.0,20.0,20.0,0.0
competitor_contestfl_clean,contestfl,clean,4,10,2,1785932608728276706,,CLEAN,True,,True,,,7031.164028,0.0,,14,1308333,2168,763,769,7,1024,50,1,6,,nominal,FINALIZED,FINALIZED,True,False,0.0,0.0,0.0,1937.841151,1.0,20.0,20.0,0.0
competitor_contestfl_clean,contestfl,clean,4,10,3,1785932608728276707,,CLEAN,True,,True,,,6964.396352,0.0,,14,1308345,2168,770,776,7,1024,50,1,6,,nominal,FINALIZED,FINALIZED,True,False,0.0,0.0,0.0,1986.106371,1.0,20.0,20.0,0.0
competitor_contestfl_clean,contestfl,clean,4,10,4,1785932608728276708,,CLEAN,True,,True,,,6999.260247,0.0,,14,1308357,2168,777,783,7,1024,50,1,6,,nominal,FINALIZED,FINALIZED,True,False,0.0,0.0,0.0,1930.354345,1.0,20.0,20.0,0.0
competitor_contestfl_clean,contestfl,clean,4,10,5,1785932608728276709,,CLEAN,True,,True,,,7004.356626,0.0,,14,1308345,2168,784,790,7,1024,50,1,6,,nominal,FINALIZED,FINALIZED,True,False,0.0,0.0,0.0,1928.460183,1.0,20.0,20.0,0.0
competitor_contestfl_clean,contestfl,clean,4,10,6,1785932608728276710,,CLEAN,True,,True,,,6973.199939,0.0,,14,1308333,2168,791,797,7,1024,50,1,6,,nominal,FINALIZED,FINALIZED,True,False,0.0,0.0,0.0,1986.849302,1.0,20.0,20.0,0.0
competitor_contestfl_clean,contestfl,clean,4,10,7,1785932608728276711,,CLEAN,True,,True,,,7007.35111,0.0,,14,1308357,2168,798,804,7,1024,50,1,6,,nominal,FINALIZED,FINALIZED,True,False,0.0,0.0,0.0,1931.297523,1.0,20.0,20.0,0.0
competitor_contestfl_clean,contestfl,clean,4,10,8,1785932608728276712,,CLEAN,True,,True,,,6992.37747,0.0,,14,1308321,2168,805,811,7,1024,50,1,6,,nominal,FINALIZED,FINALIZED,True,False,0.0,0.0,0.0,1931.596574,1.0,20.0,20.0,0.0
competitor_contestfl_clean,contestfl,clean,4,10,9,1785932608728276713,,CLEAN,True,,True,,,7006.223435,0.0,,14,1308321,2168,812,818,7,1024,50,1,6,,nominal,FINALIZED,FINALIZED,True,False,0.0,0.0,0.0,1933.437603,1.0,20.0,20.0,0.0
competitor_contestfl_clean,contestfl,clean,4,50,0,1785932608728276715,,CLEAN,True,,True,,,7008.017886,0.0,,54,5500041,8728,826,832,7,1024,50,1,6,,nominal,FINALIZED,FINALIZED,True,False,0.0,0.0,0.0,1980.945517,1.0,20.0,20.0,0.0
competitor_contestfl_clean,contestfl,clean,4,50,1,1785932608728276716,,CLEAN,True,,True,,,6988.75901,0.0,,54,5500017,8728,833,839,7,1024,50,1,6,,nominal,FINALIZED,FINALIZED,True,False,0.0,0.0,0.0,1933.111765,1.0,20.0,20.0,0.0
competitor_contestfl_clean,contestfl,clean,4,50,2,1785932608728276717,,CLEAN,True,,True,,,6989.555842,0.0,,54,5500041,8728,840,846,7,1024,50,1,6,,nominal,FINALIZED,FINALIZED,True,False,0.0,0.0,0.0,1931.493402,1.0,20.0,20.0,0.0
competitor_contestfl_clean,contestfl,clean,4,50,3,1785932608728276718,,CLEAN,True,,True,,,7007.790504,0.0,,54,5500029,8728,847,853,7,1024,50,1,6,,nominal,FINALIZED,FINALIZED,True,False,0.0,0.0,0.0,2033.015892,1.0,20.0,20.0,0.0
competitor_contestfl_clean,contestfl,clean,4,50,4,1785932608728276719,,CLEAN,True,,True,,,6991.286534,0.0,,54,5500029,8728,854,860,7,1024,50,1,6,,nominal,FINALIZED,FINALIZED,True,False,0.0,0.0,0.0,2031.329679,1.0,20.0,20.0,0.0
competitor_contestfl_clean,contestfl,clean,4,50,5,1785932608728276720,,CLEAN,True,,True,,,6944.158088,0.0,,54,5500029,8728,861,867,7,1024,50,1,6,,nominal,FINALIZED,FINALIZED,True,False,0.0,0.0,0.0,1986.8106,1.0,20.0,20.0,0.0
competitor_contestfl_clean,contestfl,clean,4,50,6,1785932608728276721,,CLEAN,True,,True,,,6986.109522,0.0,,54,5500029,8728,868,874,7,1024,50,1,6,,nominal,FINALIZED,FINALIZED,True,False,0.0,0.0,0.0,1981.013135,1.0,20.0,20.0,0.0
competitor_contestfl_clean,contestfl,clean,4,50,7,1785932608728276722,,CLEAN,True,,True,,,7011.402802,0.0,,54,5500089,8728,875,881,7,1024,50,1,6,,nominal,FINALIZED,FINALIZED,True,False,0.0,0.0,0.0,1982.417107,1.0,20.0,20.0,0.0
competitor_contestfl_clean,contestfl,clean,4,50,8,1785932608728276723,,CLEAN,True,,True,,,6985.290558,0.0,,54,5500029,8728,882,888,7,1024,50,1,6,,nominal,FINALIZED,FINALIZED,True,False,0.0,0.0,0.0,1921.716818,1.0,20.0,20.0,0.0
competitor_contestfl_clean,contestfl,clean,4,50,9,1785932608728276724,,CLEAN,True,,True,,,7016.246613,0.0,,54,5500065,8728,889,895,7,1024,50,1,6,,nominal,FINALIZED,FINALIZED,True,False,0.0,0.0,0.0,1927.173821,1.0,20.0,20.0,0.0
competitor_contestfl_clean,contestfl,clean,4,100,0,1785932608728276726,,CLEAN,True,,True,,,8975.761645,0.0,,105,10771658,17092,905,913,9,1024,50,1,6,,nominal,FINALIZED,FINALIZED,True,False,0.0,0.0,0.0,1930.169891,1.0,20.0,20.0,0.0
competitor_contestfl_clean,contestfl,clean,4,100,1,1785932608728276727,,CLEAN,True,,True,,,8995.379421,0.0,,105,10771634,17092,914,922,9,1024,50,1,6,,nominal,FINALIZED,FINALIZED,True,False,0.0,0.0,0.0,1980.359414,1.0,20.0,20.0,0.0
competitor_contestfl_clean,contestfl,clean,4,100,2,1785932608728276728,,CLEAN,True,,True,,,8985.578518,0.0,,105,10771646,17092,923,931,9,1024,50,1,6,,nominal,FINALIZED,FINALIZED,True,False,0.0,0.0,0.0,1932.798885,1.0,20.0,20.0,0.0
competitor_contestfl_clean,contestfl,clean,4,100,3,1785932608728276729,,CLEAN,True,,True,,,8997.049302,0.0,,105,10771646,17092,932,940,9,1024,50,1,6,,nominal,FINALIZED,FINALIZED,True,False,0.0,0.0,0.0,1935.014724,1.0,20.0,20.0,0.0
competitor_contestfl_clean,contestfl,clean,4,100,4,1785932608728276730,,CLEAN,True,,True,,,8979.520349,0.0,,105,10771646,17092,941,949,9,1024,50,1,6,,nominal,FINALIZED,FINALIZED,True,False,0.0,0.0,0.0,1981.418996,1.0,20.0,20.0,0.0
competitor_contestfl_clean,contestfl,clean,4,100,5,1785932608728276731,,CLEAN,True,,True,,,8986.278404,0.0,,105,10771682,17092,950,958,9,1024,50,1,6,,nominal,FINALIZED,FINALIZED,True,False,0.0,0.0,0.0,1979.117768,1.0,20.0,20.0,0.0
competitor_contestfl_clean,contestfl,clean,4,100,6,1785932608728276732,,CLEAN,True,,True,,,8985.2423,0.0,,105,10771598,17092,959,967,9,1024,50,1,6,,nominal,FINALIZED,FINALIZED,True,False,0.0,0.0,0.0,1925.623552,1.0,20.0,20.0,0.0
competitor_contestfl_clean,contestfl,clean,4,100,7,1785932608728276733,,CLEAN,True,,True,,,9015.789426,0.0,,105,10771682,17092,968,976,9,1024,50,1,6,,nominal,FINALIZED,FINALIZED,True,False,0.0,0.0,0.0,1926.181751,1.0,20.0,20.0,0.0
competitor_contestfl_clean,contestfl,clean,4,100,8,1785932608728276734,,CLEAN,True,,True,,,8961.997767,0.0,,105,10771706,17092,977,985,9,1024,50,1,6,,nominal,FINALIZED,FINALIZED,True,False,0.0,0.0,0.0,1928.837251,1.0,20.0,20.0,0.0
competitor_contestfl_clean,contestfl,clean,4,100,9,1785932608728276735,,CLEAN,True,,True,,,9023.274214,0.0,,105,10771694,17092,986,994,9,1024,50,1,6,,nominal,FINALIZED,FINALIZED,True,False,0.0,0.0,0.0,1980.035015,1.0,20.0,20.0,0.0
competitor_contestfl_aggregate_scaling,contestfl,bad_aggregate,4,10,0,1785933105354145862,,CORRECTED,True,,True,,,10008.252134,0.0,,17,1629139,2724,1251,1260,10,1024,50,1,6,,bad_aggregate,FINALIZED,FINALIZED,True,True,1.0,1.0,1.0,1981.139857,1.0,20.0,20.0,0.0
competitor_contestfl_aggregate_scaling,contestfl,bad_aggregate,4,10,1,1785933105354145863,,CORRECTED,True,,True,,,9954.944258,0.0,,17,1629139,2724,1261,1270,10,1024,50,1,6,,bad_aggregate,FINALIZED,FINALIZED,True,True,1.0,1.0,1.0,1935.829552,1.0,20.0,20.0,0.0
competitor_contestfl_aggregate_scaling,contestfl,bad_aggregate,4,10,2,1785933105354145864,,CORRECTED,True,,True,,,10006.580467,0.0,,17,1629151,2724,1271,1280,10,1024,50,1,6,,bad_aggregate,FINALIZED,FINALIZED,True,True,1.0,1.0,1.0,1989.351609,1.0,20.0,20.0,0.0
competitor_contestfl_aggregate_scaling,contestfl,bad_aggregate,4,50,0,1785933105354145866,,CORRECTED,True,,True,,,10026.516013,0.0,,57,5820763,9284,1291,1300,10,1024,50,1,6,,bad_aggregate,FINALIZED,FINALIZED,True,True,1.0,1.0,1.0,1931.055589,1.0,20.0,20.0,0.0
competitor_contestfl_aggregate_scaling,contestfl,bad_aggregate,4,50,1,1785933105354145867,,CORRECTED,True,,True,,,9982.029642,0.0,,57,5820871,9284,1301,1310,10,1024,50,1,6,,bad_aggregate,FINALIZED,FINALIZED,True,True,1.0,1.0,1.0,1980.677853,1.0,20.0,20.0,0.0
competitor_contestfl_aggregate_scaling,contestfl,bad_aggregate,4,50,2,1785933105354145868,,CORRECTED,True,,True,,,9972.568742,0.0,,57,5820811,9284,1311,1320,10,1024,50,1,6,,bad_aggregate,FINALIZED,FINALIZED,True,True,1.0,1.0,1.0,1982.750551,1.0,20.0,20.0,0.0
competitor_contestfl_aggregate_scaling,contestfl,bad_aggregate,4,100,0,1785933105354145870,,CORRECTED,True,,True,,,12007.539615,0.0,,108,11092512,17648,1333,1344,12,1024,50,1,6,,bad_aggregate,FINALIZED,FINALIZED,True,True,1.0,1.0,1.0,1930.022652,1.0,20.0,20.0,0.0
competitor_contestfl_aggregate_scaling,contestfl,bad_aggregate,4,100,1,1785933105354145871,,CORRECTED,True,,True,,,12002.080848,0.0,,108,11092584,17648,1345,1356,12,1024,50,1,6,,bad_aggregate,FINALIZED,FINALIZED,True,True,1.0,1.0,1.0,1983.329379,1.0,20.0,20.0,0.0
competitor_contestfl_aggregate_scaling,contestfl,bad_aggregate,4,100,2,1785933105354145872,,CORRECTED,True,,True,,,11991.503279,0.0,,108,11092476,17648,1357,1368,12,1024,50,1,6,,bad_aggregate,FINALIZED,FINALIZED,True,True,1.0,1.0,1.0,1930.952926,1.0,20.0,20.0,0.0
competitor_contestfl_faults,contestfl,bad_omission,4,100,0,1785933905632191981,,CORRECTED,True,,True,,,13085.348507,0.0,,110,11280962,20184,2118,2130,13,1024,50,1,6,,bad_omission,FINALIZED,FINALIZED,True,True,1.0,1.0,1.0,2036.956305,1.0,20.0,20.0,0.0
competitor_contestfl_faults,contestfl,bad_admission,4,100,0,1785933905632191982,,CORRECTED,True,,True,,,11978.151168,0.0,,108,11115990,17648,2131,2142,12,1024,50,1,6,,bad_admission,FINALIZED,FINALIZED,True,True,1.0,1.0,1.0,1931.033776,1.0,20.0,20.0,0.0
competitor_contestfl_faults,contestfl,bad_aggregate,4,100,0,1785933905632191983,,CORRECTED,True,,True,,,12009.794582,0.0,,108,11092428,17648,2143,2154,12,1024,50,1,6,,bad_aggregate,FINALIZED,FINALIZED,True,True,1.0,1.0,1.0,1987.94541,1.0,20.0,20.0,0.0
competitor_contestfl_faults,contestfl,dependent_fault,4,100,0,1785933905632191984,,CORRECTED,True,,True,,,11998.112912,0.0,,109,11327207,17876,2155,2166,12,1024,50,1,6,,concurrent_moot,FINALIZED,FINALIZED,True,True,1.0,1.0,2.0,1941.956815,1.0,20.0,20.0,0.0
competitor_contestfl_faults,contestfl,correction_laundering,4,100,0,1785933905632191985,,CORRECTED,True,,True,,,12932.377363,0.0,,111,11436570,18204,2167,2179,13,1024,50,1,6,,correction_laundering,FINALIZED,FINALIZED,True,True,1.0,2.0,2.0,0.0,1.0,20.0,20.0,0.0
competitor_contestfl_faults,contestfl,resolver_unavailable,4,100,0,1785933905632191986,,SAFE_ABORT,True,,False,,,15040.937083,0.0,,106,10981312,17288,2180,2194,15,1024,50,1,6,,resolver_timeout_abort,ABORTED,ABORTED,True,False,0.0,0.0,1.0,7014.011845,1.0,20.0,20.0,0.0
competitor_contestfl_faults,contestfl,correction_laundering,4,100,1,1785933905632191987,,CORRECTED,True,,True,,,12960.510763,0.0,,111,11436522,18204,2195,2207,13,1024,50,1,6,,correction_laundering,FINALIZED,FINALIZED,True,True,1.0,2.0,2.0,0.0,1.0,20.0,20.0,0.0
competitor_contestfl_faults,contestfl,dependent_fault,4,100,1,1785933905632191988,,CORRECTED,True,,True,,,12026.584663,0.0,,109,11327087,17876,2208,2219,12,1024,50,1,6,,concurrent_moot,FINALIZED,FINALIZED,True,True,1.0,1.0,2.0,1926.218755,1.0,20.0,20.0,0.0
competitor_contestfl_faults,contestfl,bad_admission,4,100,1,1785933905632191989,,CORRECTED,True,,True,,,11978.390313,0.0,,108,11116050,17648,2220,2231,12,1024,50,1,6,,bad_admission,FINALIZED,FINALIZED,True,True,1.0,1.0,1.0,1929.346461,1.0,20.0,20.0,0.0
competitor_contestfl_faults,contestfl,bad_omission,4,100,1,1785933905632191990,,CORRECTED,True,,True,,,12948.746033,0.0,,110,11281034,20184,2232,2244,13,1024,50,1,6,,bad_omission,FINALIZED,FINALIZED,True,True,1.0,1.0,1.0,1943.908614,1.0,20.0,20.0,0.0
competitor_contestfl_faults,contestfl,bad_aggregate,4,100,1,1785933905632191991,,CORRECTED,True,,True,,,11992.718755,0.0,,108,11092476,17648,2245,2256,12,1024,50,1,6,,bad_aggregate,FINALIZED,FINALIZED,True,True,1.0,1.0,1.0,1936.973778,1.0,20.0,20.0,0.0
competitor_contestfl_faults,contestfl,resolver_unavailable,4,100,1,1785933905632191992,,SAFE_ABORT,True,,False,,,15019.393206,0.0,,106,10981276,17288,2257,2271,15,1024,50,1,6,,resolver_timeout_abort,ABORTED,ABORTED,True,False,0.0,0.0,1.0,6969.790257,1.0,20.0,20.0,0.0
competitor_contestfl_faults,contestfl,dependent_fault,4,100,2,1785933905632191993,,CORRECTED,True,,True,,,11997.935918,0.0,,109,11327195,17876,2272,2283,12,1024,50,1,6,,concurrent_moot,FINALIZED,FINALIZED,True,True,1.0,1.0,2.0,1984.762664,1.0,20.0,20.0,0.0
competitor_contestfl_faults,contestfl,bad_aggregate,4,100,2,1785933905632191994,,CORRECTED,True,,True,,,12004.880628,0.0,,108,11092440,17648,2284,2295,12,1024,50,1,6,,bad_aggregate,FINALIZED,FINALIZED,True,True,1.0,1.0,1.0,2036.620973,1.0,20.0,20.0,0.0
competitor_contestfl_faults,contestfl,bad_admission,4,100,2,1785933905632191995,,CORRECTED,True,,True,,,11945.420527,0.0,,108,11116122,17648,2296,2307,12,1024,50,1,6,,bad_admission,FINALIZED,FINALIZED,True,True,1.0,1.0,1.0,1987.810804,1.0,20.0,20.0,0.0
competitor_contestfl_faults,contestfl,resolver_unavailable,4,100,2,1785933905632191996,,SAFE_ABORT,True,,False,,,15018.416274,0.0,,106,10981336,17288,2308,2322,15,1024,50,1,6,,resolver_timeout_abort,ABORTED,ABORTED,True,False,0.0,0.0,1.0,7006.053905,1.0,20.0,20.0,0.0
competitor_contestfl_faults,contestfl,correction_laundering,4,100,2,1785933905632191997,,CORRECTED,True,,True,,,12982.786819,0.0,,111,11436438,18204,2323,2335,13,1024,50,1,6,,correction_laundering,FINALIZED,FINALIZED,True,True,1.0,2.0,2.0,0.0,1.0,20.0,20.0,0.0
competitor_contestfl_faults,contestfl,bad_omission,4,100,2,1785933905632191998,,CORRECTED,True,,True,,,12963.477517,0.0,,110,11281022,20184,2336,2348,13,1024,50,1,6,,bad_omission,FINALIZED,FINALIZED,True,True,1.0,1.0,1.0,1909.423122,1.0,20.0,20.0,0.0
