campaign_tag,validators,clients,scenario,phase,tx_count,gas_median,gas_total,latency_ms_median,calldata_total
capacity_b100,4,10,logging_only,finalize,3,30177.0,90531,944.029696,108
capacity_b100,4,10,logging_only,open,3,45426.0,136278,939.591614,204
capacity_b100,4,10,logging_only,publish_state,3,118869.0,356595,942.272403,492
capacity_b100,4,10,logging_only,submit,30,52096.0,1562784,955.8040265,3000
capacity_b100,4,10,nominal,decide,3,534873.0,1604619,938.90048,2412
capacity_b100,4,10,nominal,finalize,3,32851.0,98553,1047.310882,108
capacity_b100,4,10,nominal,open,3,70569.0,211707,939.785998,492
capacity_b100,4,10,nominal,publish_initial,3,125076.0,375216,942.785806,492
capacity_b100,4,10,nominal,submit,30,54500.0,1634904,967.0626685,3000
capacity_b100,4,50,logging_only,finalize,3,30177.0,90531,1037.447453,108
capacity_b100,4,50,logging_only,open,3,45426.0,136278,939.906669,204
capacity_b100,4,50,logging_only,publish_state,3,118869.0,356595,732.854618,492
capacity_b100,4,50,logging_only,submit,150,52096.0,7813800,835.7498235,15000
capacity_b100,4,50,nominal,decide,3,2546737.0,7640211,743.2271,10092
capacity_b100,4,50,nominal,finalize,3,32851.0,98553,940.881937,108
capacity_b100,4,50,nominal,open,3,70569.0,211707,942.016272,492
capacity_b100,4,50,nominal,publish_initial,3,125076.0,375216,943.994671,492
capacity_b100,4,50,nominal,submit,150,54500.0,8174496,827.4611745,15000
capacity_b100,4,100,logging_only,finalize,3,30177.0,90531,940.626973,108
capacity_b100,4,100,logging_only,open,3,45426.0,136278,940.635496,204
capacity_b100,4,100,logging_only,publish_state,3,118869.0,356607,733.992528,492
capacity_b100,4,100,logging_only,submit,300,52096.0,15627732,738.0752689999999,30000
capacity_b100,4,100,nominal,decide,3,5061603.0,15184809,845.308446,19692
capacity_b100,4,100,nominal,finalize,3,32851.0,98553,1046.396303,108
capacity_b100,4,100,nominal,open,3,70569.0,211707,943.255413,492
capacity_b100,4,100,nominal,publish_initial,3,125076.0,375216,938.258721,492
capacity_b100,4,100,nominal,submit,300,54500.0,16348980,739.6402435,30000
capacity_b100,4,200,logging_only,finalize,3,30177.0,90531,1031.796946,108
capacity_b100,4,200,logging_only,open,3,45426.0,136278,920.353807,204
capacity_b100,4,200,logging_only,publish_state,3,118845.0,356535,731.593611,492
capacity_b100,4,200,logging_only,submit,600,52096.0,31255656,657.1884545,60000
capacity_b100,4,200,nominal,decide,6,5061603.0,30369618,888.0018680000001,39384
capacity_b100,4,200,nominal,finalize,3,32851.0,98553,1039.424203,108
capacity_b100,4,200,nominal,open,3,70569.0,211707,937.533903,492
capacity_b100,4,200,nominal,publish_initial,3,125052.0,375156,940.218225,492
capacity_b100,4,200,nominal,submit,600,54500.0,32698020,659.1841755,60000
capacity_b100,4,500,logging_only,finalize,3,30177.0,90531,1044.039583,108
capacity_b100,4,500,logging_only,open,3,45438.0,136314,942.810015,204
capacity_b100,4,500,logging_only,publish_state,3,118869.0,356583,819.925618,492
capacity_b100,4,500,logging_only,submit,1500,52096.0,78138972,640.717099,150000
capacity_b100,4,500,nominal,decide,15,5061603.0,75924153,951.636965,98460
capacity_b100,4,500,nominal,finalize,3,32851.0,98553,1044.989157,108
capacity_b100,4,500,nominal,open,3,70581.0,211743,941.283556,492
capacity_b100,4,500,nominal,publish_initial,3,125076.0,375228,940.394406,492
capacity_b100,4,500,nominal,submit,1500,54500.0,81745080,638.4656685,150000
capacity_b25,4,10,logging_only,finalize,3,30177.0,90531,937.823305,108
capacity_b25,4,10,logging_only,open,3,45426.0,136278,938.581944,204
capacity_b25,4,10,logging_only,publish_state,3,118869.0,356607,935.36212,492
capacity_b25,4,10,logging_only,submit,30,52096.0,1562844,953.945419,3000
capacity_b25,4,10,nominal,decide,3,534873.0,1604619,934.984362,2412
capacity_b25,4,10,nominal,finalize,3,32851.0,98553,1036.468442,108
capacity_b25,4,10,nominal,open,3,70569.0,211707,933.061098,492
capacity_b25,4,10,nominal,publish_initial,3,125064.0,375204,1030.037264,492
capacity_b25,4,10,nominal,submit,30,54500.0,1634916,952.1599575,3000
capacity_b25,4,50,logging_only,finalize,3,30177.0,90519,1022.530361,108
capacity_b25,4,50,logging_only,open,3,45426.0,136266,929.070418,204
capacity_b25,4,50,logging_only,publish_state,3,118869.0,356595,819.936938,492
capacity_b25,4,50,logging_only,submit,150,52084.0,7813272,740.3099385,15000
capacity_b25,4,50,nominal,decide,6,1289316.0,7735896,879.272105,10584
capacity_b25,4,50,nominal,finalize,3,32851.0,98553,1023.431836,108
capacity_b25,4,50,nominal,open,3,70569.0,211707,926.987439,492
capacity_b25,4,50,nominal,publish_initial,3,125076.0,375228,927.880463,492
capacity_b25,4,50,nominal,submit,150,54500.0,8174400,756.5505499999999,15000
capacity_b25,4,100,logging_only,finalize,3,30177.0,90531,1032.624713,108
capacity_b25,4,100,logging_only,open,3,45426.0,136278,926.104738,204
capacity_b25,4,100,logging_only,publish_state,3,118869.0,356595,732.380242,492
capacity_b25,4,100,logging_only,submit,300,52096.0,15627828,660.514332,30000
capacity_b25,4,100,nominal,decide,12,1289322.0,15471900,931.8322244999999,21168
capacity_b25,4,100,nominal,finalize,3,32851.0,98553,1034.042398,108
capacity_b25,4,100,nominal,open,3,70569.0,211707,927.40772,492
capacity_b25,4,100,nominal,publish_initial,3,125076.0,375228,930.919544,492
capacity_b25,4,100,nominal,submit,300,54500.0,16348848,705.2929584999999,30000
capacity_b25,4,200,logging_only,finalize,3,30177.0,90531,944.102094,108
capacity_b25,4,200,logging_only,open,3,45426.0,136278,1049.503682,204
capacity_b25,4,200,logging_only,publish_state,3,118845.0,356535,733.144122,492
capacity_b25,4,200,logging_only,submit,600,52096.0,31255812,667.639086,60000
capacity_b25,4,200,nominal,decide,24,1289328.0,30943800,947.6320049999999,42336
capacity_b25,4,200,nominal,finalize,3,32851.0,98553,941.952003,108
capacity_b25,4,200,nominal,open,3,70569.0,211707,942.259693,492
capacity_b25,4,200,nominal,publish_initial,3,125052.0,375144,944.375763,492
capacity_b25,4,200,nominal,submit,600,54500.0,32697984,646.2551375,60000
capacity_b25,4,500,logging_only,finalize,3,30177.0,90531,942.834395,108
capacity_b25,4,500,logging_only,open,3,45438.0,136314,941.947312,204
capacity_b25,4,500,logging_only,publish_state,3,118857.0,356583,837.314395,492
capacity_b25,4,500,logging_only,submit,1500,52096.0,78139260,638.7314994999999,150000
capacity_b25,4,500,nominal,decide,60,1289334.0,77359608,949.6127974999999,105840
capacity_b25,4,500,nominal,finalize,3,32851.0,98553,1046.914657,108
capacity_b25,4,500,nominal,open,3,70581.0,211743,942.015937,492
capacity_b25,4,500,nominal,publish_initial,3,125076.0,375216,941.597899,492
capacity_b25,4,500,nominal,submit,1500,54500.0,81745296,647.8362790000001,150000
capacity_b50,4,10,logging_only,finalize,3,30177.0,90531,941.955118,108
capacity_b50,4,10,logging_only,open,3,45426.0,136278,941.306107,204
capacity_b50,4,10,logging_only,publish_state,3,118869.0,356607,942.401995,492
capacity_b50,4,10,logging_only,submit,30,52096.0,1562760,976.1823145,3000
capacity_b50,4,10,nominal,decide,3,534873.0,1604619,940.581563,2412
capacity_b50,4,10,nominal,finalize,3,32851.0,98553,1046.352632,108
capacity_b50,4,10,nominal,open,3,70569.0,211707,942.68459,492
capacity_b50,4,10,nominal,publish_initial,3,125076.0,375228,939.406304,492
capacity_b50,4,10,nominal,submit,30,54500.0,1634916,968.4352524999999,3000
capacity_b50,4,50,logging_only,finalize,3,30177.0,90531,1041.466325,108
capacity_b50,4,50,logging_only,open,3,45426.0,136278,943.495949,204
capacity_b50,4,50,logging_only,publish_state,3,118869.0,356607,730.968632,492
capacity_b50,4,50,logging_only,submit,150,52096.0,7813944,860.265662,15000
capacity_b50,4,50,nominal,decide,3,2546737.0,7640211,744.553716,10092
capacity_b50,4,50,nominal,finalize,3,32851.0,98553,1046.805553,108
capacity_b50,4,50,nominal,open,3,70569.0,211707,937.677811,492
capacity_b50,4,50,nominal,publish_initial,3,125076.0,375216,940.627422,492
capacity_b50,4,50,nominal,submit,150,54500.0,8174484,847.6860285,15000
capacity_b50,4,100,logging_only,finalize,3,30177.0,90531,1045.087846,108
capacity_b50,4,100,logging_only,open,3,45426.0,136278,943.123831,204
capacity_b50,4,100,logging_only,publish_state,3,118869.0,356595,836.983103,492
capacity_b50,4,100,logging_only,submit,300,52096.0,15627852,698.6468945,30000
capacity_b50,4,100,nominal,decide,6,2546755.0,15280530,898.4986389999999,20184
capacity_b50,4,100,nominal,finalize,3,32851.0,98553,1021.914649,108
capacity_b50,4,100,nominal,open,3,70569.0,211707,943.008685,492
capacity_b50,4,100,nominal,publish_initial,3,125076.0,375228,940.504137,492
capacity_b50,4,100,nominal,submit,300,54500.0,16349004,734.7924350000001,30000
capacity_b50,4,200,logging_only,finalize,3,30177.0,90531,941.258899,108
capacity_b50,4,200,logging_only,open,3,45426.0,136278,942.784161,204
capacity_b50,4,200,logging_only,publish_state,3,118845.0,356523,837.784832,492
capacity_b50,4,200,logging_only,submit,600,52096.0,31255608,642.370501,60000
capacity_b50,4,200,nominal,decide,12,2546755.0,30561060,942.8241705,40368
capacity_b50,4,200,nominal,finalize,3,32851.0,98553,1032.130506,108
capacity_b50,4,200,nominal,open,3,70569.0,211707,942.224053,492
capacity_b50,4,200,nominal,publish_initial,3,125052.0,375132,941.418569,492
capacity_b50,4,200,nominal,submit,600,54500.0,32697960,645.6227875,60000
capacity_b50,4,500,logging_only,finalize,3,30177.0,90519,1023.918779,108
capacity_b50,4,500,logging_only,open,3,45438.0,136302,942.419478,204
capacity_b50,4,500,logging_only,publish_state,3,118869.0,356595,831.061766,492
capacity_b50,4,500,logging_only,submit,1500,52096.0,78133056,648.2411500000001,150000
capacity_b50,4,500,nominal,decide,30,2546773.0,76402758,951.1133505,100920
capacity_b50,4,500,nominal,finalize,3,32851.0,98553,1044.274378,108
capacity_b50,4,500,nominal,open,3,70581.0,211743,941.384062,492
capacity_b50,4,500,nominal,publish_initial,3,125076.0,375228,933.283314,492
capacity_b50,4,500,nominal,submit,1500,54500.0,81745104,639.8699745,150000
core,4,10,artifact_unavailable_abort,abort,5,30992.0,154960,937.603535,340
core,4,10,artifact_unavailable_abort,challenge,5,199593.0,997965,945.671286,980
core,4,10,artifact_unavailable_abort,decide,5,534873.0,2674365,934.667161,4020
core,4,10,artifact_unavailable_abort,open,5,70569.0,352845,936.536927,820
core,4,10,artifact_unavailable_abort,publish_initial,5,125064.0,625344,1030.201579,820
core,4,10,artifact_unavailable_abort,submit,50,54500.0,2724868,959.9486315,5000
core,4,10,bad_admission,challenge,5,202229.0,1011121,1033.436442,980
core,4,10,bad_admission,decide,5,534873.0,2674365,933.758857,4020
core,4,10,bad_admission,finalize,5,32851.0,164255,1033.437571,180
core,4,10,bad_admission,open,5,70569.0,352845,939.396495,820
core,4,10,bad_admission,publish_initial,5,125076.0,625368,937.947877,820
core,4,10,bad_admission,replacement,5,57421.0,287093,935.984579,820
core,4,10,bad_admission,resolve,5,84742.0,423710,936.479018,980
core,4,10,bad_admission,submit,50,54500.0,2724892,961.742366,5000
core,4,10,bad_aggregate,challenge,5,199593.0,997941,935.586132,980
core,4,10,bad_aggregate,decide,5,534873.0,2674365,936.869127,4020
core,4,10,bad_aggregate,finalize,5,32851.0,164255,1030.116535,180
core,4,10,bad_aggregate,open,5,70569.0,352845,941.949013,820
core,4,10,bad_aggregate,publish_initial,5,125076.0,625356,936.211917,820
core,4,10,bad_aggregate,replacement,5,51821.0,259093,1030.168414,820
core,4,10,bad_aggregate,resolve,5,69404.0,347008,934.829353,980
core,4,10,bad_aggregate,submit,50,54500.0,2724808,958.7721915,5000
core,4,10,bad_injection,challenge,5,222129.0,1110645,930.401984,980
core,4,10,bad_injection,decide,5,534873.0,2674365,931.707956,4020
core,4,10,bad_injection,finalize,5,32851.0,164255,1030.50909,180
core,4,10,bad_injection,open,5,70569.0,352845,939.382256,820
core,4,10,bad_injection,publish_initial,5,125076.0,625356,1025.602218,820
core,4,10,bad_injection,replacement,5,54621.0,273081,1031.477086,820
core,4,10,bad_injection,resolve,5,81942.0,409710,939.93004,980
core,4,10,bad_injection,submit,50,54500.0,2724832,958.336438,5000
core,4,10,bad_injection,verify_evidence,10,73984.0,739840,937.077999,12680
core,4,10,bad_omission,challenge,5,222129.0,1110633,1032.25289,980
core,4,10,bad_omission,decide,5,534873.0,2674353,934.569731,4020
core,4,10,bad_omission,finalize,5,32851.0,164243,1029.533741,180
core,4,10,bad_omission,open,5,70569.0,352833,931.329424,820
core,4,10,bad_omission,publish_initial,5,125064.0,625332,937.451459,820
core,4,10,bad_omission,replacement,5,54621.0,273069,935.384645,820
core,4,10,bad_omission,resolve,5,84742.0,423710,940.248156,980
core,4,10,bad_omission,submit,50,54500.0,2724760,957.49401,5000
core,4,10,bad_omission,verify_evidence,10,73930.0,739300,938.0156744999999,12680
core,4,10,challenge_flooding,challenge,50,202229.0,10111270,871.536648,9800
core,4,10,challenge_flooding,decide,5,534873.0,2674365,943.874096,4020
core,4,10,challenge_flooding,finalize,5,32851.0,164255,1032.355758,180
core,4,10,challenge_flooding,open,5,70569.0,352845,935.912515,820
core,4,10,challenge_flooding,publish_initial,5,125076.0,625368,931.675505,820
core,4,10,challenge_flooding,resolve,50,64171.0,3208502,750.979018,9800
core,4,10,challenge_flooding,submit,50,54500.0,2724856,960.406148,5000
core,4,10,concurrent_moot,challenge,10,200905.0,2009086,935.748056,1960
core,4,10,concurrent_moot,decide,5,534873.0,2674365,930.204855,4020
core,4,10,concurrent_moot,finalize,5,32851.0,164255,1032.785149,180
core,4,10,concurrent_moot,open,5,70569.0,352845,935.201851,820
core,4,10,concurrent_moot,publish_initial,5,125076.0,625368,942.725093,820
core,4,10,concurrent_moot,replacement,5,57421.0,287093,1032.201367,820
core,4,10,concurrent_moot,resolve,5,96294.0,481470,932.04878,1140
core,4,10,concurrent_moot,submit,50,54500.0,2724880,952.87781,5000
core,4,10,correction_laundering,challenge,10,200899.0,2008978,945.0976189999999,1960
core,4,10,correction_laundering,decide,5,534873.0,2674365,939.471124,4020
core,4,10,correction_laundering,fallback,5,51639.0,258195,1028.227518,820
core,4,10,correction_laundering,finalize,5,32735.0,163675,934.834517,180
core,4,10,correction_laundering,laundered_replacement,5,57421.0,287105,930.34894,820
core,4,10,correction_laundering,open,5,70569.0,352845,943.608199,820
core,4,10,correction_laundering,publish_initial,5,125076.0,625380,946.439119,820
core,4,10,correction_laundering,resolve,10,77073.0,770718,947.0566165,1960
core,4,10,correction_laundering,submit,50,54500.0,2724832,969.4090215,5000
core,4,10,logging_only,finalize,5,30177.0,150885,1029.855317,180
core,4,10,logging_only,open,5,45426.0,227130,926.820561,340
core,4,10,logging_only,publish_state,5,118869.0,594333,926.201238,820
core,4,10,logging_only,submit,50,52096.0,2604680,957.8111375,5000
core,4,10,nominal,decide,5,534873.0,2674365,932.37166,4020
core,4,10,nominal,finalize,5,32851.0,164255,1028.738455,180
core,4,10,nominal,open,5,70569.0,352845,945.248728,820
core,4,10,nominal,publish_initial,5,125076.0,625368,1033.437147,820
core,4,10,nominal,submit,50,54500.0,2724916,954.1610255,5000
core,4,10,resolver_fallback,challenge,5,199593.0,997965,1031.361816,980
core,4,10,resolver_fallback,decide,5,534873.0,2674365,934.434514,4020
core,4,10,resolver_fallback,fallback,5,51639.0,258171,1029.354043,820
core,4,10,resolver_fallback,finalize,5,32735.0,163675,928.347011,180
core,4,10,resolver_fallback,open,5,70569.0,352845,929.142524,820
core,4,10,resolver_fallback,publish_initial,5,125076.0,625356,932.417593,820
core,4,10,resolver_fallback,resolve,5,69404.0,347020,932.040825,980
core,4,10,resolver_fallback,submit,50,54500.0,2724868,954.4723200000001,5000
core,4,10,resolver_timeout_abort,challenge,5,199593.0,997965,942.646581,980
core,4,10,resolver_timeout_abort,decide,5,534873.0,2674365,932.119733,4020
core,4,10,resolver_timeout_abort,expire,5,42876.0,214380,1035.783599,180
core,4,10,resolver_timeout_abort,open,5,70569.0,352845,940.754856,820
core,4,10,resolver_timeout_abort,publish_initial,5,125076.0,625356,1027.321318,820
core,4,10,resolver_timeout_abort,submit,50,54500.0,2724892,954.8858224999999,5000
core,4,50,artifact_unavailable_abort,abort,5,30992.0,154960,941.70986,340
core,4,50,artifact_unavailable_abort,challenge,5,199593.0,997965,939.06903,980
core,4,50,artifact_unavailable_abort,decide,5,2546737.0,12733685,740.636579,16820
core,4,50,artifact_unavailable_abort,open,5,70569.0,352845,934.260779,820
core,4,50,artifact_unavailable_abort,publish_initial,5,125076.0,625380,935.150582,820
core,4,50,artifact_unavailable_abort,submit,250,54500.0,13624064,801.8427185,25000
core,4,50,bad_admission,challenge,5,202229.0,1011133,930.766424,980
core,4,50,bad_admission,decide,5,2546737.0,12733685,739.02192,16820
core,4,50,bad_admission,finalize,5,32851.0,164255,1032.424909,180
core,4,50,bad_admission,open,5,70569.0,352845,931.855062,820
core,4,50,bad_admission,publish_initial,5,125052.0,625248,936.897901,820
core,4,50,bad_admission,replacement,5,57421.0,287105,934.968738,820
core,4,50,bad_admission,resolve,5,84742.0,423722,1030.752686,980
core,4,50,bad_admission,submit,250,54500.0,13624100,761.2936785,25000
core,4,50,bad_aggregate,challenge,5,199593.0,997965,936.232034,980
core,4,50,bad_aggregate,decide,5,2546737.0,12733685,837.37039,16820
core,4,50,bad_aggregate,finalize,5,32851.0,164255,1040.252053,180
core,4,50,bad_aggregate,open,5,70569.0,352845,935.119035,820
core,4,50,bad_aggregate,publish_initial,5,125076.0,625344,939.382121,820
core,4,50,bad_aggregate,replacement,5,51821.0,259057,1027.442183,820
core,4,50,bad_aggregate,resolve,5,69404.0,347044,930.190972,980
core,4,50,bad_aggregate,submit,250,54500.0,13624004,777.625157,25000
core,4,50,bad_injection,challenge,5,222129.0,1110645,932.425194,980
core,4,50,bad_injection,decide,5,2546737.0,12733685,728.919302,16820
core,4,50,bad_injection,finalize,5,32851.0,164255,1029.244364,180
core,4,50,bad_injection,open,5,70569.0,352845,937.998336,820
core,4,50,bad_injection,publish_initial,5,125064.0,625344,932.658756,820
core,4,50,bad_injection,replacement,5,54621.0,273093,1027.204249,820
core,4,50,bad_injection,resolve,5,81942.0,409734,928.256662,980
core,4,50,bad_injection,submit,250,54500.0,13624076,801.2213525,25000
core,4,50,bad_injection,verify_evidence,10,73995.0,739950,947.515093,12680
core,4,50,bad_omission,challenge,5,222129.0,1110645,929.103487,980
core,4,50,bad_omission,decide,5,2546737.0,12733685,731.858655,16820
core,4,50,bad_omission,finalize,5,32851.0,164255,1032.990709,180
core,4,50,bad_omission,open,5,70569.0,352845,930.332392,820
core,4,50,bad_omission,publish_initial,5,125064.0,625320,928.43945,820
core,4,50,bad_omission,replacement,5,54621.0,273105,930.863028,820
core,4,50,bad_omission,resolve,5,84742.0,423734,929.369582,980
core,4,50,bad_omission,submit,250,54500.0,13624100,807.046537,25000
core,4,50,bad_omission,verify_evidence,10,73936.0,739360,1030.331089,12680
core,4,50,challenge_flooding,challenge,100,202229.0,20222540,716.5612815,19600
core,4,50,challenge_flooding,decide,5,2546737.0,12733685,736.027148,16820
core,4,50,challenge_flooding,finalize,5,32851.0,164255,1029.133614,180
core,4,50,challenge_flooding,open,5,70569.0,352845,1032.067358,820
core,4,50,challenge_flooding,publish_initial,5,125076.0,625356,932.212727,820
core,4,50,challenge_flooding,resolve,100,64171.0,6417412,563.5071575,19600
core,4,50,challenge_flooding,submit,250,54500.0,13624028,769.8826025000001,25000
core,4,50,concurrent_moot,challenge,10,200905.0,2009086,943.3705685,1960
core,4,50,concurrent_moot,decide,5,2546737.0,12733685,739.707044,16820
core,4,50,concurrent_moot,finalize,5,32851.0,164255,1035.410778,180
core,4,50,concurrent_moot,open,5,70569.0,352845,942.448749,820
core,4,50,concurrent_moot,publish_initial,5,125052.0,625248,929.095963,820
core,4,50,concurrent_moot,replacement,5,57421.0,287081,1031.364184,820
core,4,50,concurrent_moot,resolve,5,96294.0,481518,932.186828,1140
core,4,50,concurrent_moot,submit,250,54500.0,13624124,789.0845335,25000
core,4,50,correction_laundering,challenge,10,200893.0,2008978,1027.5757335,1960
core,4,50,correction_laundering,decide,5,2546737.0,12733685,824.658291,16820
core,4,50,correction_laundering,fallback,5,51639.0,258159,1029.762845,820
core,4,50,correction_laundering,finalize,5,32735.0,163675,928.913884,180
core,4,50,correction_laundering,laundered_replacement,5,57421.0,287093,1020.988648,820
core,4,50,correction_laundering,open,5,70569.0,352845,943.456957,820
core,4,50,correction_laundering,publish_initial,5,125052.0,625248,928.844795,820
core,4,50,correction_laundering,resolve,10,77079.0,770730,934.0503659999999,1960
core,4,50,correction_laundering,submit,250,54500.0,13624088,770.305061,25000
core,4,50,logging_only,finalize,5,30177.0,150885,936.231423,180
core,4,50,logging_only,open,5,45426.0,227130,936.964985,340
core,4,50,logging_only,publish_state,5,118869.0,594345,824.698399,820
core,4,50,logging_only,submit,250,52096.0,13023112,771.1117095,25000
core,4,50,nominal,decide,5,2546737.0,12733685,831.996522,16820
core,4,50,nominal,finalize,5,32851.0,164255,1034.993537,180
core,4,50,nominal,open,5,70569.0,352845,943.489708,820
core,4,50,nominal,publish_initial,5,125076.0,625344,935.522359,820
core,4,50,nominal,submit,250,54500.0,13624136,745.9411425000001,25000
core,4,50,resolver_fallback,challenge,5,199593.0,997965,1031.948335,980
core,4,50,resolver_fallback,decide,5,2546737.0,12733685,743.566186,16820
core,4,50,resolver_fallback,fallback,5,51639.0,258171,935.829011,820
core,4,50,resolver_fallback,finalize,5,32735.0,163675,933.965571,180
core,4,50,resolver_fallback,open,5,70569.0,352845,938.59379,820
core,4,50,resolver_fallback,publish_initial,5,125076.0,625344,936.32813,820
core,4,50,resolver_fallback,resolve,5,69404.0,347032,944.153953,980
core,4,50,resolver_fallback,submit,250,54500.0,13624088,758.6209759999999,25000
core,4,50,resolver_timeout_abort,challenge,5,199593.0,997965,942.039432,980
core,4,50,resolver_timeout_abort,decide,5,2546737.0,12733685,742.865407,16820
core,4,50,resolver_timeout_abort,expire,5,42876.0,214404,1030.757168,180
core,4,50,resolver_timeout_abort,open,5,70569.0,352845,1033.044103,820
core,4,50,resolver_timeout_abort,publish_initial,5,125076.0,625356,932.544204,820
core,4,50,resolver_timeout_abort,submit,250,54500.0,13624160,774.3091489999999,25000
core,4,100,artifact_unavailable_abort,abort,5,30992.0,154960,933.446589,340
core,4,100,artifact_unavailable_abort,challenge,5,199593.0,997965,1031.465638,980
core,4,100,artifact_unavailable_abort,decide,10,2546755.0,25467550,888.4005159999999,33640
core,4,100,artifact_unavailable_abort,open,5,70569.0,352845,930.57093,820
core,4,100,artifact_unavailable_abort,publish_initial,5,125076.0,625368,926.112205,820
core,4,100,artifact_unavailable_abort,submit,500,54500.0,27248332,699.9035954999999,50000
core,4,100,bad_admission,challenge,5,202229.0,1011145,944.896793,980
core,4,100,bad_admission,decide,10,2546755.0,25467550,832.159569,33640
core,4,100,bad_admission,finalize,5,32851.0,164255,1034.838181,180
core,4,100,bad_admission,open,5,70569.0,352845,930.830386,820
core,4,100,bad_admission,publish_initial,5,125052.0,625260,929.567025,820
core,4,100,bad_admission,replacement,5,57421.0,287093,944.687668,820
core,4,100,bad_admission,resolve,5,84754.0,423758,944.204791,980
core,4,100,bad_admission,submit,500,54500.0,27248368,699.9236965,50000
core,4,100,bad_aggregate,challenge,5,199593.0,997953,934.566483,980
core,4,100,bad_aggregate,decide,10,2546755.0,25467550,838.9874645,33640
core,4,100,bad_aggregate,finalize,5,32851.0,164255,1035.619581,180
core,4,100,bad_aggregate,open,5,70569.0,352845,928.295089,820
core,4,100,bad_aggregate,publish_initial,5,125076.0,625380,934.139321,820
core,4,100,bad_aggregate,replacement,5,51821.0,259105,1028.985505,820
core,4,100,bad_aggregate,resolve,5,69416.0,347080,940.264439,980
core,4,100,bad_aggregate,submit,500,54500.0,27248296,696.0519265,50000
core,4,100,bad_injection,challenge,5,222117.0,1110585,941.159851,980
core,4,100,bad_injection,decide,10,2546755.0,25467550,887.687186,33640
core,4,100,bad_injection,finalize,5,32851.0,164255,1027.085003,180
core,4,100,bad_injection,open,5,70569.0,352845,940.08505,820
core,4,100,bad_injection,publish_initial,5,125076.0,625356,929.436815,820
core,4,100,bad_injection,replacement,5,54621.0,273057,1029.585153,820
core,4,100,bad_injection,resolve,5,81954.0,409770,937.672687,980
core,4,100,bad_injection,submit,500,54500.0,27248224,691.049636,50000
core,4,100,bad_injection,verify_evidence,10,73931.0,739310,935.9486435,12680
core,4,100,bad_omission,challenge,5,222129.0,1110645,942.806584,980
core,4,100,bad_omission,decide,10,2546755.0,25467550,885.0413145,33640
core,4,100,bad_omission,finalize,5,32851.0,164255,1033.371552,180
core,4,100,bad_omission,open,5,70569.0,352845,929.702914,820
core,4,100,bad_omission,publish_initial,5,125064.0,625296,928.550219,820
core,4,100,bad_omission,replacement,5,54621.0,273081,1026.92804,820
core,4,100,bad_omission,resolve,5,84754.0,423770,929.97239,980
core,4,100,bad_omission,submit,500,54500.0,27248416,679.435515,50000
core,4,100,bad_omission,verify_evidence,10,73936.0,739360,941.667829,12680
core,4,100,challenge_flooding,challenge,100,202229.0,20222540,706.549627,19600
core,4,100,challenge_flooding,decide,10,2546755.0,25467550,877.8900355000001,33640
core,4,100,challenge_flooding,finalize,5,32851.0,164255,1032.096822,180
core,4,100,challenge_flooding,open,5,70569.0,352845,940.439373,820
core,4,100,challenge_flooding,publish_initial,5,125076.0,625380,928.413119,820
core,4,100,challenge_flooding,resolve,100,64183.0,6418204,469.1942275,19600
core,4,100,challenge_flooding,submit,500,54500.0,27248452,651.0913675,50000
core,4,100,concurrent_moot,challenge,10,200911.0,2009110,1033.258217,1960
core,4,100,concurrent_moot,decide,10,2546755.0,25467550,888.777892,33640
core,4,100,concurrent_moot,finalize,5,32851.0,164255,1029.817564,180
core,4,100,concurrent_moot,open,5,70569.0,352845,940.781238,820
core,4,100,concurrent_moot,publish_initial,5,125052.0,625248,928.726301,820
core,4,100,concurrent_moot,replacement,5,57421.0,287093,930.299444,820
core,4,100,concurrent_moot,resolve,5,96318.0,481566,931.690529,1140
core,4,100,concurrent_moot,submit,500,54500.0,27248260,671.2873314999999,50000
core,4,100,correction_laundering,challenge,10,200899.0,2008990,933.4945375,1960
core,4,100,correction_laundering,decide,10,2546755.0,25467550,890.960748,33640
core,4,100,correction_laundering,fallback,5,51639.0,258183,926.680068,820
core,4,100,correction_laundering,finalize,5,32735.0,163675,1030.933544,180
core,4,100,correction_laundering,laundered_replacement,5,57421.0,287081,1029.523889,820
core,4,100,correction_laundering,open,5,70569.0,352845,937.223844,820
core,4,100,correction_laundering,publish_initial,5,125052.0,625236,938.965769,820
core,4,100,correction_laundering,resolve,10,77085.0,770838,936.7713735,1960
core,4,100,correction_laundering,submit,500,54500.0,27248344,666.9323655000001,50000
core,4,100,logging_only,finalize,5,30177.0,150885,944.05999,180
core,4,100,logging_only,open,5,45426.0,227130,927.894685,340
core,4,100,logging_only,publish_state,5,118869.0,594333,722.060948,820
core,4,100,logging_only,submit,500,52096.0,26046440,704.4078139999999,50000
core,4,100,nominal,decide,10,2546755.0,25467550,891.4317135,33640
core,4,100,nominal,finalize,5,32851.0,164255,1032.930762,180
core,4,100,nominal,open,5,70569.0,352845,1026.164126,820
core,4,100,nominal,publish_initial,5,125076.0,625368,932.598968,820
core,4,100,nominal,submit,500,54500.0,27248368,710.3951855,50000
core,4,100,resolver_fallback,challenge,5,199593.0,997965,1034.426568,980
core,4,100,resolver_fallback,decide,10,2546755.0,25467550,887.302577,33640
core,4,100,resolver_fallback,fallback,5,51639.0,258183,929.757629,820
core,4,100,resolver_fallback,finalize,5,32735.0,163675,1029.048862,180
core,4,100,resolver_fallback,open,5,70569.0,352845,930.393455,820
core,4,100,resolver_fallback,publish_initial,5,125076.0,625368,926.650282,820
core,4,100,resolver_fallback,resolve,5,69416.0,347080,944.088496,980
core,4,100,resolver_fallback,submit,500,54500.0,27248332,705.6956435,50000
core,4,100,resolver_timeout_abort,challenge,5,199593.0,997965,1035.903951,980
core,4,100,resolver_timeout_abort,decide,10,2546755.0,25467550,884.769626,33640
core,4,100,resolver_timeout_abort,expire,5,42888.0,214440,1029.708786,180
core,4,100,resolver_timeout_abort,open,5,70569.0,352845,929.777048,820
core,4,100,resolver_timeout_abort,publish_initial,5,125076.0,625380,931.813138,820
core,4,100,resolver_timeout_abort,submit,500,54500.0,27248476,664.3385805,50000
flood_n1_p20,4,100,challenge_flooding,challenge,3,202229.0,606687,943.538211,588
flood_n1_p20,4,100,challenge_flooding,decide,6,2546755.0,15280530,893.5739045,20184
flood_n1_p20,4,100,challenge_flooding,finalize,3,32851.0,98553,1039.73655,108
flood_n1_p20,4,100,challenge_flooding,open,3,70569.0,211707,1034.302111,492
flood_n1_p20,4,100,challenge_flooding,publish_initial,3,125076.0,375216,941.876252,492
flood_n1_p20,4,100,challenge_flooding,resolve,3,64183.0,192549,944.454196,588
flood_n1_p20,4,100,challenge_flooding,submit,300,54500.0,16349028,692.134065,30000
flood_n1_p5,4,100,challenge_flooding,challenge,3,202229.0,606687,942.517803,588
flood_n1_p5,4,100,challenge_flooding,decide,6,2546755.0,15280530,901.5230154999999,20184
flood_n1_p5,4,100,challenge_flooding,finalize,3,32851.0,98553,1041.867571,108
flood_n1_p5,4,100,challenge_flooding,open,3,70569.0,211707,944.045067,492
flood_n1_p5,4,100,challenge_flooding,publish_initial,3,125076.0,375216,943.834115,492
flood_n1_p5,4,100,challenge_flooding,resolve,3,64183.0,192537,1037.469519,588
flood_n1_p5,4,100,challenge_flooding,submit,300,54500.0,16349004,683.7380835,30000
flood_n20_p20,4,100,challenge_flooding,challenge,60,202229.0,12133524,789.21837,11760
flood_n20_p20,4,100,challenge_flooding,decide,6,2546755.0,15280530,905.0148320000001,20184
flood_n20_p20,4,100,challenge_flooding,finalize,3,32851.0,98553,1032.151207,108
flood_n20_p20,4,100,challenge_flooding,open,3,70569.0,211707,939.735388,492
flood_n20_p20,4,100,challenge_flooding,publish_initial,3,125076.0,375228,937.766748,492
flood_n20_p20,4,100,challenge_flooding,resolve,60,64183.0,3850932,575.162556,11760
flood_n20_p20,4,100,challenge_flooding,submit,300,54500.0,16349052,700.006916,30000
flood_n20_p5,4,100,challenge_flooding,challenge,60,202229.0,12133524,778.8438595,11760
flood_n20_p5,4,100,challenge_flooding,decide,6,2546755.0,15280530,903.5153105,20184
flood_n20_p5,4,100,challenge_flooding,finalize,3,32851.0,98553,1042.862427,108
flood_n20_p5,4,100,challenge_flooding,open,3,70569.0,211707,941.136989,492
flood_n20_p5,4,100,challenge_flooding,publish_initial,3,125076.0,375228,940.162609,492
flood_n20_p5,4,100,challenge_flooding,resolve,60,64183.0,3850896,856.2062785,11760
flood_n20_p5,4,100,challenge_flooding,submit,300,54500.0,16349052,691.485171,30000
flood_n50_p20,4,100,challenge_flooding,challenge,150,202229.0,30333594,519.214506,29400
flood_n50_p20,4,100,challenge_flooding,decide,6,2546755.0,15280530,897.9104465,20184
flood_n50_p20,4,100,challenge_flooding,finalize,3,32851.0,98553,941.021499,108
flood_n50_p20,4,100,challenge_flooding,open,3,70569.0,211707,943.923605,492
flood_n50_p20,4,100,challenge_flooding,publish_initial,3,125076.0,375228,940.556831,492
flood_n50_p20,4,100,challenge_flooding,resolve,150,64183.0,9627186,568.5809385,29400
flood_n50_p20,4,100,challenge_flooding,submit,300,54500.0,16349172,719.388501,30000
flood_n50_p5,4,100,challenge_flooding,challenge,150,202229.0,30333594,443.127966,29400
flood_n50_p5,4,100,challenge_flooding,decide,6,2546755.0,15280530,958.9383715,20184
flood_n50_p5,4,100,challenge_flooding,finalize,3,32851.0,98553,1044.262347,108
flood_n50_p5,4,100,challenge_flooding,open,3,70569.0,211707,941.517589,492
flood_n50_p5,4,100,challenge_flooding,publish_initial,3,125076.0,375216,939.656111,492
flood_n50_p5,4,100,challenge_flooding,resolve,150,64183.0,9627234,937.5446425,29400
flood_n50_p5,4,100,challenge_flooding,submit,300,54500.0,16349028,751.937394,30000
window_c1,4,100,nominal,decide,6,2546755.0,15280530,900.562357,20184
window_c1,4,100,nominal,finalize,3,32851.0,98553,1038.784535,108
window_c1,4,100,nominal,open,3,70569.0,211707,940.992871,492
window_c1,4,100,nominal,publish_initial,3,125076.0,375228,938.417774,492
window_c1,4,100,nominal,submit,300,54500.0,16348872,732.6177335,30000
window_c10,4,100,nominal,decide,6,2546755.0,15280530,898.6651234999999,20184
window_c10,4,100,nominal,finalize,3,32851.0,98553,1042.22511,108
window_c10,4,100,nominal,open,3,70569.0,211707,943.869667,492
window_c10,4,100,nominal,publish_initial,3,125076.0,375204,942.598837,492
window_c10,4,100,nominal,submit,300,54500.0,16349076,671.900245,30000
window_c5,4,100,nominal,decide,6,2546755.0,15280530,890.1996274999999,20184
window_c5,4,100,nominal,finalize,3,32851.0,98553,1021.514702,108
window_c5,4,100,nominal,open,3,70569.0,211707,943.819541,492
window_c5,4,100,nominal,publish_initial,3,125064.0,375204,939.993428,492
window_c5,4,100,nominal,submit,300,54500.0,16349004,691.1622305000001,30000
